state,state_abb,city_id,year,population,violent_rate_100k,property_rate_100k,total_rate_100k,treat_start,event_time,unemp_rate,age,Male,Black,Hispanic,HSGrad,CollegeGrad,IncomeReal
illinois,IL,60506,1986,86040,567.1780567178057,6063.458856345886,6630.63691306369,1977,9,8.308333333333334,32.354343,0.4804053,0.13574728,0.092240989,0.69673437,0.16666667,33083.133
illinois,IL,60506,1987,85600,584.1121495327103,6485.981308411215,7070.093457943925,1977,10,7.466666666666666,33.477879,0.47772118,0.13987906,0.086457171,0.71526909,0.17209011,34386.813
illinois,IL,60506,1989,91479,687.5895014156255,6846.380043507253,7533.969544922879,1977,12,6.066666666666666,33.679207,0.48349208,0.1236508,0.10837439,0.72367072,0.17655513,35896.109
illinois,IL,60506,1990,99581,794.3282353059319,5911.770317630873,6706.098552936805,1977,13,6.3,33.804161,0.48597842,0.1394453,0.11753818,0.72794706,0.18504411,36479.527
illinois,IL,60506,1991,99990,828.0828082808282,6234.623462346234,7062.706270627063,1977,14,7.283333333333334,33.907383,0.47762829,0.140801,0.12048949,0.74927956,0.20502265,36604.082
illinois,IL,60540,1990,85351,74.98447587023,2727.560309779616,2802.5447856498463,1977,13,6.3,33.804161,0.48597842,0.1394453,0.11753818,0.72794706,0.18504411,36479.527
illinois,IL,60566,1991,86190,83.53637312913331,2907.529875855668,2991.066248984801,1977,14,7.283333333333334,33.907383,0.47762829,0.140801,0.12048949,0.74927956,0.20502265,36604.082
illinois,IL,60605,1973,3334500,1168.0611785874944,5265.137201979307,6433.1983805668015,1977,-4,NA,31.652832,0.48441926,0.12096317,0.037127953,0.57067072,0.1127321,32323.629
illinois,IL,60605,1974,3296936,1282.4028127934544,6095.235091005709,7377.637903799164,1977,-3,NA,33.104107,0.49559373,0.12442121,0.049683388,0.57940495,0.11070324,31121.996
illinois,IL,60605,1975,3150000,1179.6825396825398,6307.68253968254,7487.3650793650795,1977,-2,NA,32.555889,0.47321829,0.12948237,0.043946054,0.58557314,0.11897233,31025.738
illinois,IL,60605,1976,3134499,977.5086863961354,5851.908072071486,6829.416758467622,1977,-1,6.55,31.502554,0.47671872,0.13355714,0.065094896,0.59441644,0.1269872,31611.684
illinois,IL,60605,1977,3086806,935.368144288951,5668.189060148257,6603.5572044372075,1977,0,6.191666666666666,31.401497,0.47344941,0.14404951,0.069252081,0.60386384,0.13733742,32735.68
illinois,IL,60605,1978,3086699,896.9452479817437,5284.90144325702,6181.846691238763,1977,1,5.983333333333333,32.088634,0.47491011,0.14006566,0.075798504,0.60111088,0.1343345,32552.23
illinois,IL,60605,1979,3060801,908.4876801856769,5252.742664420196,6161.230344605872,1977,2,5.583333333333333,32.594463,0.47464439,0.14363018,0.077404223,0.61903799,0.1311641,31198.059
illinois,IL,60605,1980,2986419,959.610824870857,5687.848891933784,6647.45971680464,1977,3,8.216666666666667,32.723732,0.48890269,0.14123856,0.076165155,0.64683104,0.13898513,31415.785
illinois,IL,60605,1981,3012703,850.03400600723,5071.060771672482,5921.094777679711,1977,4,8.625,32.724701,0.47909218,0.14332348,0.084634602,0.65979171,0.14519094,30590.162
illinois,IL,60605,1982,3010862,876.9581601547995,5219.036940251663,6095.9951004064615,1977,5,11.4,33.106071,0.47929284,0.13553773,0.078605495,0.68229502,0.15200171,31661.611
illinois,IL,60605,1983,3021203,1316.5616477939418,6744.929089505075,8061.4907372990165,1977,6,11.708333333333334,33.344654,0.48674408,0.12493502,0.070893571,0.70697045,0.17076471,33084.684
illinois,IL,60605,1985,2998841,1948.9529454879403,7364.178360906763,9313.131306394704,1977,8,9.058333333333334,32.738377,0.47737452,0.12679537,0.10214219,0.6901176,0.16360636,31936.873
illinois,IL,60605,1986,3003105,2170.786569234176,7630.8021198060005,9801.588689040176,1977,9,8.308333333333334,32.354343,0.4804053,0.13574728,0.092240989,0.69673437,0.16666667,33083.133
illinois,IL,60605,1987,3018338,2142.702374618085,7041.027214314632,9183.729588932716,1977,10,7.466666666666666,33.477879,0.47772118,0.13987906,0.086457171,0.71526909,0.17209011,34386.813
illinois,IL,60605,1988,2994100,2191.7437627333757,7633.245382585752,9824.989145319129,1977,11,6.741666666666667,33.437588,0.4818196,0.13710058,0.096250787,0.72515464,0.17113402,34921.621
illinois,IL,60605,1989,2988260,2340.6597819466847,7703.111509707991,10043.771291654675,1977,12,6.066666666666666,33.679207,0.48349208,0.1236508,0.10837439,0.72367072,0.17655513,35896.109
illinois,IL,60605,1990,2783726,2842.269677403595,8315.653192878897,11157.922870282491,1977,13,6.3,33.804161,0.48597842,0.1394453,0.11753818,0.72794706,0.18504411,36479.527
illinois,IL,60605,1991,2811478,3092.501524109383,8301.220923656525,11393.722447765907,1977,14,7.283333333333334,33.907383,0.47762829,0.140801,0.12048949,0.74927956,0.20502265,36604.082
illinois,IL,61101,1982,140350,868.5429283933024,8049.875311720699,8918.418240114,1977,5,11.4,33.106071,0.47929284,0.13553773,0.078605495,0.68229502,0.15200171,31661.611
illinois,IL,61101,1983,140815,733.5866207435288,7489.258956787275,8222.845577530803,1977,6,11.708333333333334,33.344654,0.48674408,0.12493502,0.070893571,0.70697045,0.17076471,33084.684
illinois,IL,61101,1984,139043,756.6004761117065,7804.779816315816,8561.380292427522,1977,7,9.133333333333336,33.140694,0.48401213,0.13093235,0.10059172,0.70546579,0.17216198,32231.613
illinois,IL,61101,1985,136822,848.547748169154,8458.435046995366,9306.98279516452,1977,8,9.058333333333334,32.738377,0.47737452,0.12679537,0.10214219,0.6901176,0.16360636,31936.873
illinois,IL,61101,1986,137017,830.5538728770881,7934.051978951517,8764.6058518286045,1977,9,8.308333333333334,32.354343,0.4804053,0.13574728,0.092240989,0.69673437,0.16666667,33083.133
illinois,IL,61101,1987,136157,693.3172734416886,8313.197264922112,9006.514538363801,1977,10,7.466666666666666,33.477879,0.47772118,0.13987906,0.086457171,0.71526909,0.17209011,34386.813
illinois,IL,61104,1973,148200,358.2995951417004,5063.427800269906,5421.727395411606,1977,-4,NA,31.652832,0.48441926,0.12096317,0.037127953,0.57067072,0.1127321,32323.629
illinois,IL,61104,1974,149424,439.01916693436124,6116.152693007817,6555.171859942178,1977,-3,NA,33.104107,0.49559373,0.12442121,0.049683388,0.57940495,0.11070324,31121.996
illinois,IL,61104,1975,149424,621.7207409786915,6734.527251311703,7356.247992290395,1977,-2,NA,32.555889,0.47321829,0.12948237,0.043946054,0.58557314,0.11897233,31025.738
illinois,IL,61104,1976,150910,522.1655291233186,6400.503611424027,6922.669140547347,1977,-1,6.55,31.502554,0.47671872,0.13355714,0.065094896,0.59441644,0.1269872,31611.684
illinois,IL,61104,1977,146426,504.00885088713756,5548.1949926925545,6052.203843579692,1977,0,6.191666666666666,31.401497,0.47344941,0.14404951,0.069252081,0.60386384,0.13733742,32735.68
illinois,IL,61104,1978,141938,612.9436796347701,6209.753554368809,6822.697234003579,1977,1,5.983333333333333,32.088634,0.47491011,0.14006566,0.075798504,0.60111088,0.1343345,32552.23
illinois,IL,61104,1979,140571,791.770706618008,7456.018666723577,8247.789373341586,1977,2,5.583333333333333,32.594463,0.47464439,0.14363018,0.077404223,0.61903799,0.1311641,31198.059
illinois,IL,61104,1980,139211,934.5525856433759,8280.954809605562,9215.507395248938,1977,3,8.216666666666667,32.723732,0.48890269,0.14123856,0.076165155,0.64683104,0.13898513,31415.785
illinois,IL,61104,1981,140436,768.3215130023641,8452.248711156682,9220.570224159048,1977,4,8.625,32.724701,0.47909218,0.14332348,0.084634602,0.65979171,0.14519094,30590.162
illinois,IL,61602,1988,108841,1147.545502154519,8394.814454111962,9542.35995626648,1977,11,6.741666666666667,33.437588,0.4818196,0.13710058,0.096250787,0.72515464,0.17113402,34921.621
illinois,IL,61602,1989,109955,1134.100313764722,7573.0980855804655,8707.198399345187,1977,12,6.066666666666666,33.679207,0.48349208,0.1236508,0.10837439,0.72367072,0.17655513,35896.109
illinois,IL,61602,1990,113504,1204.3628418381732,7626.162954609529,8830.525796447702,1977,13,6.3,33.804161,0.48597842,0.1394453,0.11753818,0.72794706,0.18504411,36479.527
illinois,IL,61602,1991,114619,1436.0620839476876,8097.261361554367,9533.323445502056,1977,14,7.283333333333334,33.907383,0.47762829,0.140801,0.12048949,0.74927956,0.20502265,36604.082
illinois,IL,62521,1973,92000,325,4120.652173913043,4445.652173913044,1977,-4,NA,31.652832,0.48441926,0.12096317,0.037127953,0.57067072,0.1127321,32323.629
illinois,IL,62521,1974,91018,486.71691313806065,5325.320266320948,5812.037179459008,1977,-3,NA,33.104107,0.49559373,0.12442121,0.049683388,0.57940495,0.11070324,31121.996
illinois,IL,62521,1975,91018,329.6051330506054,5244.017666835131,5573.622799885738,1977,-2,NA,32.555889,0.47321829,0.12948237,0.043946054,0.58557314,0.11897233,31025.738
illinois,IL,62521,1976,93235,311.04199066874025,5051.750951895748,5362.792942564488,1977,-1,6.55,31.502554,0.47671872,0.13355714,0.065094896,0.59441644,0.1269872,31611.684
illinois,IL,62521,1977,85883,328.3536904858936,5259.480921719082,5587.834612204977,1977,0,6.191666666666666,31.401497,0.47344941,0.14404951,0.069252081,0.60386384,0.13733742,32735.68
illinois,IL,62521,1978,89225,319.417203698515,5436.817035584198,5756.234239282712,1977,1,5.983333333333333,32.088634,0.47491011,0.14006566,0.075798504,0.60111088,0.1343345,32552.23
illinois,IL,62521,1979,89629,386.03576967276217,6416.4500329134535,6802.485802586217,1977,2,5.583333333333333,32.594463,0.47464439,0.14363018,0.077404223,0.61903799,0.1311641,31198.059
illinois,IL,62521,1980,93513,449.13541432741977,6717.782554297263,7166.9179686246835,1977,3,8.216666666666667,32.723732,0.48890269,0.14123856,0.076165155,0.64683104,0.13898513,31415.785
illinois,IL,62521,1981,94336,357.2337177747625,6800.161126187246,7157.394843962007,1977,4,8.625,32.724701,0.47909218,0.14332348,0.084634602,0.65979171,0.14519094,30590.162
illinois,IL,62615,1988,88994,702.29453671034,7224.082522417241,7926.377059127582,1977,11,6.741666666666667,33.437588,0.4818196,0.13710058,0.096250787,0.72515464,0.17113402,34921.621
illinois,IL,62705,1973,94597,608.898802287599,6134.444009852321,6743.34281213992,1977,-4,NA,31.652832,0.48441926,0.12096317,0.037127953,0.57067072,0.1127321,32323.629
illinois,IL,62705,1974,92000,470.6521739130435,6096.739130434783,6567.391304347826,1977,-3,NA,33.104107,0.49559373,0.12442121,0.049683388,0.57940495,0.11070324,31121.996
illinois,IL,62705,1975,92000,318.47826086956525,4948.913043478261,5267.391304347826,1977,-2,NA,32.555889,0.47321829,0.12948237,0.043946054,0.58557314,0.11897233,31025.738
illinois,IL,62705,1976,93686,550.7759964135516,8289.39222509233,8840.16822150588,1977,-1,6.55,31.502554,0.47671872,0.13355714,0.065094896,0.59441644,0.1269872,31611.684
illinois,IL,62705,1977,90154,696.5858420036826,7796.65905006988,8493.244892073564,1977,0,6.191666666666666,31.401497,0.47344941,0.14404951,0.069252081,0.60386384,0.13733742,32735.68
illinois,IL,62705,1978,88583,966.325367169773,12260.81753835386,13227.142905523633,1977,1,5.983333333333333,32.088634,0.47491011,0.14006566,0.075798504,0.60111088,0.1343345,32552.23
illinois,IL,62705,1979,87461,865.5286356204479,10661.895016064303,11527.42365168475,1977,2,5.583333333333333,32.594463,0.47464439,0.14363018,0.077404223,0.61903799,0.1311641,31198.059
illinois,IL,62705,1980,99098,903.1463803507639,8774.142767765243,9677.289148116008,1977,3,8.216666666666667,32.723732,0.48890269,0.14123856,0.076165155,0.64683104,0.13898513,31415.785
illinois,IL,62705,1981,99970,904.2712813844153,7736.3208962688805,8640.592177653296,1977,4,8.625,32.724701,0.47909218,0.14332348,0.084634602,0.65979171,0.14519094,30590.162
illinois,IL,62705,1982,99909,965.8789498443584,8900.099090172056,9865.978040016415,1977,5,11.4,33.106071,0.47929284,0.13553773,0.078605495,0.68229502,0.15200171,31661.611
illinois,IL,62705,1983,100240,798.0845969672785,9273.743016759776,10071.827613727055,1977,6,11.708333333333334,33.344654,0.48674408,0.12493502,0.070893571,0.70697045,0.17076471,33084.684
iowa,IA,50303,1973,202294,276.33048928786815,5436.147389443087,5712.477878730956,NA,NA,NA,NA,NA,NA,NA,NA,NA,NA
iowa,IA,50303,1974,200860,386.83660260878224,6421.388031464702,6808.224634073485,NA,NA,NA,NA,NA,NA,NA,NA,NA,NA
iowa,IA,50303,1975,209000,430.62200956937795,6894.736842105263,7325.358851674642,NA,NA,NA,NA,NA,NA,NA,NA,NA,NA
iowa,IA,50303,1976,209181,373.36086929501244,7117.281206228099,7490.642075523111,NA,NA,4.083333333333333,NA,NA,NA,NA,NA,NA,NA
iowa,IA,50303,1977,211117,397.4099669851315,6781.547672617554,7178.957639602684,NA,NA,4.008333333333334,32.828831,0.48894349,0.02006552,0.011517894,0.63262033,0.10374331,27638.053
iowa,IA,50303,1978,194163,576.319896169713,8090.109856151791,8666.429752321503,NA,NA,3.841666666666667,34.040558,0.4831005,0.018026138,0.024725275,0.62485749,0.10262258,26952.855
iowa,IA,50303,1979,194810,551.3064011087727,8412.299163287305,8963.605564396077,NA,NA,4.175,34.223965,0.47788018,0.013824885,0.021455225,0.64499426,0.1041427,27289.307
iowa,IA,50303,1980,190909,572.0002723810821,9702.528429775442,10274.528702156525,NA,NA,5.933333333333334,34.011715,0.48810792,0.018459354,0.017136738,0.6695652,0.12585813,28286.078
iowa,IA,50303,1981,190202,546.2613432035415,10060.356883734135,10606.618226937677,NA,NA,6.516666666666667,33.461403,0.47739917,0.017385257,0.012319606,0.70566726,0.12522852,27664.402
iowa,IA,50309,1982,190725,413.6846244593001,9723.948092803776,10137.632717263075,NA,NA,8.4,34.602741,0.48710716,0.01772764,0.010677618,0.71220779,0.13038962,28340.313
iowa,IA,50309,1983,190725,455.1055184165684,8971.555905098965,9426.661423515532,NA,NA,8.233333333333333,35.69648,0.48861283,0.018633541,0.014668902,0.71016771,0.13102725,27544.217
iowa,IA,50309,1984,191282,540.04035926015,8785.980907769681,9326.02126702983,NA,NA,7.0249999999999995,34.439331,0.48982084,0.022801302,0.028052805,0.71676302,0.1397793,28656.721
iowa,IA,50309,1985,189133,590.589690852469,10114.046729021376,10704.636419873845,NA,NA,7.375,34.184509,0.48883826,0.019589977,0.021306161,0.73571426,0.15178572,29339.525
iowa,IA,50309,1986,186991,689.8727746255167,11031.012187752352,11720.884962377868,NA,NA,6.766666666666667,35.183685,0.47684211,0.0099999998,0.020711631,0.73150682,0.12808219,29200.117
iowa,IA,50309,1987,190928,585.5610491913181,9766.50884102908,10352.069890220397,NA,NA,5.616666666666667,33.14127,0.49041373,0.016649848,0.011704834,0.75788754,0.1303155,31003.883
iowa,IA,50309,1988,194148,746.8529163318706,9289.305066238128,10036.15798257,NA,NA,4.641666666666667,33.332481,0.49462914,0.013810742,0.014455344,0.77200276,0.12820514,30325.432
iowa,IA,50309,1989,193305,663.7179586663563,8577.636377745013,9241.354336411372,NA,NA,4.3,35.207836,0.48748639,0.016322089,0.010958904,0.79113019,0.15522175,32476.355
iowa,IA,50309,1990,193187,727.7922427492533,8571.487729505609,9299.279972254863,NA,NA,4.441666666666666,35.103924,0.49575821,0.014846236,0.0064171124,0.78789985,0.16272601,31646.881
iowa,IA,51103,1973,88400,208.14479638009053,5295.248868778281,5503.393665158371,NA,NA,NA,NA,NA,NA,NA,NA,NA,NA
iowa,IA,51103,1974,85950,248.98196625945317,5791.73938336242,6040.721349621874,NA,NA,NA,NA,NA,NA,NA,NA,NA,NA
iowa,IA,51103,1975,86871,193.39019926097316,6699.58904582657,6892.979245087544,NA,NA,NA,NA,NA,NA,NA,NA,NA,NA
iowa,IA,51103,1976,87940,169.4337047987264,6158.744598589948,6328.178303388673,NA,NA,4.083333333333333,NA,NA,NA,NA,NA,NA,NA
iowa,IA,51103,1977,87940,213.78212417557424,5941.551057539232,6155.3331817148055,NA,NA,4.008333333333334,32.828831,0.48894349,0.02006552,0.011517894,0.63262033,0.10374331,27638.053
iowa,IA,51103,1978,86389,218.77785366192455,6037.805739156605,6256.583592818531,NA,NA,3.841666666666667,34.040558,0.4831005,0.018026138,0.024725275,0.62485749,0.10262258,26952.855
iowa,IA,51103,1979,85571,258.26506643605893,6170.314709422585,6428.579775858643,NA,NA,4.175,34.223965,0.47788018,0.013824885,0.021455225,0.64499426,0.1041427,27289.307
iowa,IA,52404,1973,114391,77.80332368805237,4669.073615931324,4746.876939619376,NA,NA,NA,NA,NA,NA,NA,NA,NA,NA
iowa,IA,52404,1974,115000,168.69565217391306,7126.956521739131,7295.652173913043,NA,NA,NA,NA,NA,NA,NA,NA,NA,NA
iowa,IA,52404,1975,107226,258.3328670285192,8565.086825956392,8823.41969298491,NA,NA,NA,NA,NA,NA,NA,NA,NA,NA
iowa,IA,52404,1976,108987,375.27411526145323,9025.847119381211,9401.121234642664,NA,NA,4.083333333333333,NA,NA,NA,NA,NA,NA,NA
iowa,IA,52404,1977,109879,333.09367577062045,8219.040945039544,8552.134620810164,NA,NA,4.008333333333334,32.828831,0.48894349,0.02006552,0.011517894,0.63262033,0.10374331,27638.053
iowa,IA,52404,1978,117538,278.20789872211543,7301.468461263591,7579.676359985707,NA,NA,3.841666666666667,34.040558,0.4831005,0.018026138,0.024725275,0.62485749,0.10262258,26952.855
iowa,IA,52404,1979,108575,335.2521298641492,8037.761915726456,8373.014045590606,NA,NA,4.175,34.223965,0.47788018,0.013824885,0.021455225,0.64499426,0.1041427,27289.307
iowa,IA,52404,1980,110124,297.84606443645345,8469.543423776833,8767.389488213286,NA,NA,5.933333333333334,34.011715,0.48810792,0.018459354,0.017136738,0.6695652,0.12585813,28286.078
iowa,IA,52404,1981,109715,334.503030579228,8149.295903021465,8483.798933600694,NA,NA,6.516666666666667,33.461403,0.47739917,0.017385257,0.012319606,0.70566726,0.12522852,27664.402
iowa,IA,52404,1982,110018,189.96891417768,6938.864549437365,7128.833463615045,NA,NA,8.4,34.602741,0.48710716,0.01772764,0.010677618,0.71220779,0.13038962,28340.313
iowa,IA,52404,1983,110018,179.9705502735916,7339.708047774,7519.6785980475925,NA,NA,8.233333333333333,35.69648,0.48861283,0.018633541,0.014668902,0.71016771,0.13102725,27544.217
iowa,IA,52404,1984,108959,194.56859919786342,6741.985517488229,6936.554116686093,NA,NA,7.0249999999999995,34.439331,0.48982084,0.022801302,0.028052805,0.71676302,0.1397793,28656.721
iowa,IA,52404,1985,107702,159.6999127221407,7346.195985218474,7505.895897940613,NA,NA,7.375,34.184509,0.48883826,0.019589977,0.021306161,0.73571426,0.15178572,29339.525
iowa,IA,52404,1986,106482,218.81632576397888,7915.891887830808,8134.708213594787,NA,NA,6.766666666666667,35.183685,0.47684211,0.0099999998,0.020711631,0.73150682,0.12808219,29200.117
iowa,IA,52404,1987,107731,175.4369680036387,8349.500143876878,8524.937111880517,NA,NA,5.616666666666667,33.14127,0.49041373,0.016649848,0.011704834,0.75788754,0.1303155,31003.883
iowa,IA,52404,1988,108860,146.05915855226897,6954.804335844203,7100.863494396473,NA,NA,4.641666666666667,33.332481,0.49462914,0.013810742,0.014455344,0.77200276,0.12820514,30325.432
iowa,IA,52404,1989,110526,219.85777102220294,6609.3045980131365,6829.16236903534,NA,NA,4.3,35.207836,0.48748639,0.016322089,0.010958904,0.79113019,0.15522175,32476.355
iowa,IA,52404,1990,108751,225.28528473301392,6484.53807321312,6709.823357946133,NA,NA,4.441666666666666,35.103924,0.49575821,0.014846236,0.0064171124,0.78789985,0.16272601,31646.881
iowa,IA,52801,1973,99999,316.0031600316003,5071.050710507105,5387.053870538705,NA,NA,NA,NA,NA,NA,NA,NA,NA,NA
iowa,IA,52801,1974,102400,424.80468749999994,5829.1015625,6253.906250000001,NA,NA,NA,NA,NA,NA,NA,NA,NA,NA
iowa,IA,52801,1975,99836,590.969189470732,7390.119796466204,7981.088985936936,NA,NA,NA,NA,NA,NA,NA,NA,NA,NA
iowa,IA,52801,1976,97309,407.9787070055185,7658.078903287465,8066.0576102929845,NA,NA,4.083333333333333,NA,NA,NA,NA,NA,NA,NA
iowa,IA,52801,1977,102046,515.4538149462007,6181.525978480294,6696.979793426494,NA,NA,4.008333333333334,32.828831,0.48894349,0.02006552,0.011517894,0.63262033,0.10374331,27638.053
iowa,IA,52801,1978,105241,546.3650098345702,6280.822113054799,6827.187122889368,NA,NA,3.841666666666667,34.040558,0.4831005,0.018026138,0.024725275,0.62485749,0.10262258,26952.855
iowa,IA,52801,1979,101953,748.384059321452,6745.264975037517,7493.649034358969,NA,NA,4.175,34.223965,0.47788018,0.013824885,0.021455225,0.64499426,0.1041427,27289.307
iowa,IA,52801,1980,103036,891.9212702356459,7518.731317209519,8410.652587445165,NA,NA,5.933333333333334,34.011715,0.48810792,0.018459354,0.017136738,0.6695652,0.12585813,28286.078
iowa,IA,52801,1981,102653,833.8772369049126,7291.555044665037,8125.43228156995,NA,NA,6.516666666666667,33.461403,0.47739917,0.017385257,0.012319606,0.70566726,0.12522852,27664.402
iowa,IA,52801,1988,98226,874.5138761631339,6502.351719504001,7376.8655956671355,NA,NA,4.641666666666667,33.332481,0.49462914,0.013810742,0.014455344,0.77200276,0.12820514,30325.432
iowa,IA,52801,1989,97339,965.697202560125,7912.553036295832,8878.250238855957,NA,NA,4.3,35.207836,0.48748639,0.016322089,0.010958904,0.79113019,0.15522175,32476.355
iowa,IA,52801,1990,95333,1078.3254486903802,8034.993129346605,9113.318578036986,NA,NA,4.441666666666666,35.103924,0.49575821,0.014846236,0.0064171124,0.78789985,0.16272601,31646.881
michigan,MI,48067,1973,87790,214.14739719785854,3773.7783346622623,3987.925731860121,1983,-10,NA,NA,NA,NA,NA,NA,NA,NA
michigan,MI,48067,1974,88308,234.40684875662456,4928.2058250668115,5162.612673823436,1983,-9,NA,NA,NA,NA,NA,NA,NA,NA
michigan,MI,48067,1975,88578,239.33708144234458,4874.799611641717,5114.136693084061,1983,-8,NA,NA,NA,NA,NA,NA,NA,NA
michigan,MI,48067,1976,89534,203.27473362074744,4147.027944691402,4350.3026783121495,1983,-7,9.4,NA,NA,NA,NA,NA,NA,NA
michigan,MI,48078,1976,92904,178.6790665633342,4462.67114440713,4641.350210970464,1983,-7,9.4,NA,NA,NA,NA,NA,NA,NA
michigan,MI,48078,1977,93679,136.63681294633804,4019.043755804396,4155.680568750734,1983,-6,8.225,31.371704,0.48218104,0.10637919,0.025257081,0.60444444,0.10596491,30668.719
michigan,MI,48078,1978,103000,135.92233009708738,3797.087378640777,3933.009708737864,1983,-5,7.033333333333334,32.31065,0.48317087,0.097296305,0.027425373,0.60622752,0.10251497,30785.016
michigan,MI,48078,1979,96918,164.05621246827215,5008.357580635176,5172.413793103448,1983,-4,7.866666666666667,32.169865,0.48424485,0.11028613,0.039970256,0.61940473,0.110382,31021.055
michigan,MI,48078,1980,108998,154.13126846364153,4598.249509165305,4752.380777628947,1983,-3,12.3,32.069286,0.48554301,0.11301129,0.028930817,0.65030676,0.12293535,30440.963
michigan,MI,48078,1981,108678,318.3717035646589,4698.283001159388,5016.654704724047,1983,-2,12.375,32.087906,0.47540402,0.10992719,0.020931073,0.66312557,0.12393767,28922.014
michigan,MI,48078,1982,107591,171.9474677249956,4479.92861856475,4651.876086289745,1983,-1,15.458333333333334,32.922588,0.48444104,0.11640415,0.022364838,0.67407221,0.12421106,29162.16
michigan,MI,48078,1983,107118,343.5463694243731,4520.248697697866,4863.795067122239,1983,0,14.483333333333334,32.222137,0.48231697,0.10361308,0.028372901,0.69632447,0.12420786,29039.439
michigan,MI,48078,1984,107999,259.26165983018365,3996.333299382402,4255.594959212585,1983,1,11.233333333333334,32.450314,0.47905281,0.11536127,0.0248878,0.70299947,0.11515801,29317.244
michigan,MI,48078,1985,109602,278.27959343807595,4488.969179394537,4767.248772832613,1983,2,10,33.178978,0.48394457,0.11844184,0.02938053,0.71487135,0.13504897,31203.186
michigan,MI,48078,1986,110241,390.0545169220163,4732.359104144556,5122.413621066573,1983,3,8.908333333333333,33.213631,0.48769328,0.11722941,0.030384982,0.7072165,0.13835052,33360.262
michigan,MI,48078,1987,112507,274.649577359631,4561.493951487463,4836.143528847094,1983,4,8.391666666666667,33.143318,0.47369272,0.12249839,0.021512385,0.71605718,0.13871375,34515.086
michigan,MI,48078,1988,114838,284.74895069576274,4323.481774325572,4608.230725021334,1983,5,7.566666666666666,34.245483,0.48062396,0.1224959,0.02191826,0.72878885,0.13925371,35462.297
michigan,MI,48078,1989,115132,299.6560469721711,4960.393287704548,5260.049334676719,1983,6,7.183333333333334,34.468853,0.48269612,0.12738958,0.018530775,0.72621316,0.14897224,35155.121
michigan,MI,48078,1990,117810,353.9597657244716,4683.812919107037,5037.772684831508,1983,7,7.7,33.892941,0.48602557,0.12774357,0.019508326,0.7376371,0.1568384,34903.18
michigan,MI,48078,1991,118731,327.631368387363,4598.6305177249415,4926.261886112305,1983,8,9.283333333333331,34.262882,0.48759541,0.1226145,0.027910685,0.75025713,0.15120345,34567.844
michigan,MI,48081,1973,91110,154.75798485347383,3604.434200417078,3759.192185270552,1983,-10,NA,NA,NA,NA,NA,NA,NA,NA
michigan,MI,48081,1974,91533,226.1479466421946,4314.291020724766,4540.43896736696,1983,-9,NA,NA,NA,NA,NA,NA,NA,NA
michigan,MI,48081,1975,93840,248.29497016197783,4629.156010230179,4877.4509803921565,1983,-8,NA,NA,NA,NA,NA,NA,NA,NA
michigan,MI,48081,1976,90000,204.44444444444446,4455.555555555556,4660,1983,-7,9.4,NA,NA,NA,NA,NA,NA,NA
michigan,MI,48081,1977,89000,185.3932584269663,3379.7752808988766,3565.1685393258426,1983,-6,8.225,31.371704,0.48218104,0.10637919,0.025257081,0.60444444,0.10596491,30668.719
michigan,MI,48081,1978,85600,169.39252336448598,2761.6822429906542,2931.07476635514,1983,-5,7.033333333333334,32.31065,0.48317087,0.097296305,0.027425373,0.60622752,0.10251497,30785.016
michigan,MI,48081,1979,85696,200.7094846900672,3442.4010455563857,3643.1105302464525,1983,-4,7.866666666666667,32.169865,0.48424485,0.11028613,0.039970256,0.61940473,0.110382,31021.055
michigan,MI,48091,1973,184500,323.5772357723577,4209.214092140921,4532.791327913279,1983,-10,NA,NA,NA,NA,NA,NA,NA,NA
michigan,MI,48091,1974,183450,341.7825020441537,5688.19841918779,6029.980921231943,1983,-9,NA,NA,NA,NA,NA,NA,NA,NA
michigan,MI,48091,1975,189085,347.46278128883836,5208.2396805669405,5555.702461855779,1983,-8,NA,NA,NA,NA,NA,NA,NA,NA
michigan,MI,48091,1976,187000,304.2780748663102,5100.534759358289,5404.812834224599,1983,-7,9.4,NA,NA,NA,NA,NA,NA,NA
michigan,MI,48091,1977,171000,340.35087719298247,5045.6140350877195,5385.964912280701,1983,-6,8.225,31.371704,0.48218104,0.10637919,0.025257081,0.60444444,0.10596491,30668.719
michigan,MI,48091,1978,175345,367.2759417149049,5093.38732213636,5460.663263851265,1983,-5,7.033333333333334,32.31065,0.48317087,0.097296305,0.027425373,0.60622752,0.10251497,30785.016
michigan,MI,48091,1979,170509,382.97098686872835,5814.942319760247,6197.913306628976,1983,-4,7.866666666666667,32.169865,0.48424485,0.11028613,0.039970256,0.61940473,0.110382,31021.055
michigan,MI,48091,1980,161173,384.6798160982298,6461.380007817686,6846.059823915916,1983,-3,12.3,32.069286,0.48554301,0.11301129,0.028930817,0.65030676,0.12293535,30440.963
michigan,MI,48091,1981,160699,533.9174481484017,7062.8939819165025,7596.811430064904,1983,-2,12.375,32.087906,0.47540402,0.10992719,0.020931073,0.66312557,0.12393767,28922.014
michigan,MI,48093,1982,159092,456.9682950745481,6208.357428406205,6665.3257234807525,1983,-1,15.458333333333334,32.922588,0.48444104,0.11640415,0.022364838,0.67407221,0.12421106,29162.16
michigan,MI,48093,1983,158393,427.4178783153296,6311.516291755317,6738.934170070647,1983,0,14.483333333333334,32.222137,0.48231697,0.10361308,0.028372901,0.69632447,0.12420786,29039.439
michigan,MI,48093,1984,155436,548.1355670501042,6474.047196273707,7022.182763323812,1983,1,11.233333333333334,32.450314,0.47905281,0.11536127,0.0248878,0.70299947,0.11515801,29317.244
michigan,MI,48093,1985,152260,658.0848548535399,6605.149087087876,7263.233941941416,1983,2,10,33.178978,0.48394457,0.11844184,0.02938053,0.71487135,0.13504897,31203.186
michigan,MI,48093,1986,153148,711.0768668216366,6280.19954553765,6991.276412359286,1983,3,8.908333333333333,33.213631,0.48769328,0.11722941,0.030384982,0.7072165,0.13835052,33360.262
michigan,MI,48093,1987,150531,612.4984222518949,6415.289873846583,7027.788296098478,1983,4,8.391666666666667,33.143318,0.47369272,0.12249839,0.021512385,0.71605718,0.13871375,34515.086
michigan,MI,48093,1988,153650,455.5808656036446,5739.017246989913,6194.598112593557,1983,5,7.566666666666666,34.245483,0.48062396,0.1224959,0.02191826,0.72878885,0.13925371,35462.297
michigan,MI,48093,1989,145932,504.3444892141546,6124.085190362634,6628.429679576789,1983,6,7.183333333333334,34.468853,0.48269612,0.12738958,0.018530775,0.72621316,0.14897224,35155.121
michigan,MI,48093,1990,144864,674.4256682129445,5437.513806052573,6111.939474265518,1983,7,7.7,33.892941,0.48602557,0.12774357,0.019508326,0.7376371,0.1568384,34903.18
michigan,MI,48093,1991,145996,816.4607249513684,5617.96213594893,6434.422860900299,1983,8,9.283333333333331,34.262882,0.48759541,0.1226145,0.027910685,0.75025713,0.15120345,34567.844
michigan,MI,48108,1982,98852,432.9705013555618,7466.717921741593,7899.6884230971555,1983,-1,15.458333333333334,32.922588,0.48444104,0.11640415,0.022364838,0.67407221,0.12421106,29162.16
michigan,MI,48108,1983,98417,403.3855939522643,6851.458589471331,7254.844183423595,1983,0,14.483333333333334,32.222137,0.48231697,0.10361308,0.028372901,0.69632447,0.12420786,29039.439
michigan,MI,48108,1984,104413,561.2327966824055,8678.995910470918,9240.228707153323,1983,1,11.233333333333334,32.450314,0.47905281,0.11536127,0.0248878,0.70299947,0.11515801,29317.244
michigan,MI,48108,1985,107832,588.8789969582313,7944.765932190816,8533.644929149046,1983,2,10,33.178978,0.48394457,0.11844184,0.02938053,0.71487135,0.13504897,31203.186
michigan,MI,48108,1986,108461,690.5708042522197,9159.052562672297,9849.623366924516,1983,3,8.908333333333333,33.213631,0.48769328,0.11722941,0.030384982,0.7072165,0.13835052,33360.262
michigan,MI,48108,1987,108336,623.0615861763403,8882.550583370255,9505.612169546595,1983,4,8.391666666666667,33.143318,0.47369272,0.12249839,0.021512385,0.71605718,0.13871375,34515.086
michigan,MI,48108,1988,109724,797.4554336334804,7911.669279282564,8709.124712916044,1983,5,7.566666666666666,34.245483,0.48062396,0.1224959,0.02191826,0.72878885,0.13925371,35462.297
michigan,MI,48108,1989,108830,602.7749701369107,7361.021777083525,7963.796747220435,1983,6,7.183333333333334,34.468853,0.48269612,0.12738958,0.018530775,0.72621316,0.14897224,35155.121
michigan,MI,48108,1990,109592,529.2357106358128,7910.248923279071,8439.484633914884,1983,7,7.7,33.892941,0.48602557,0.12774357,0.019508326,0.7376371,0.1568384,34903.18
michigan,MI,48108,1991,110449,555.0072884317649,5820.7860641563075,6375.793352588072,1983,8,9.283333333333331,34.262882,0.48759541,0.1226145,0.027910685,0.75025713,0.15120345,34567.844
michigan,MI,48126,1973,104700,252.14899713467048,5401.146131805158,5653.295128939828,1983,-10,NA,NA,NA,NA,NA,NA,NA,NA
michigan,MI,48126,1974,101100,307.6162215628091,6968.3481701285855,7275.964391691395,1983,-9,NA,NA,NA,NA,NA,NA,NA,NA
michigan,MI,48126,1975,100000,382,7421.999999999999,7804,1983,-8,NA,NA,NA,NA,NA,NA,NA,NA
michigan,MI,48126,1976,104000,357.6923076923077,7631.7307692307695,7989.423076923077,1983,-7,9.4,NA,NA,NA,NA,NA,NA,NA
michigan,MI,48126,1977,97000,338.1443298969072,6946.39175257732,7284.536082474227,1983,-6,8.225,31.371704,0.48218104,0.10637919,0.025257081,0.60444444,0.10596491,30668.719
michigan,MI,48126,1978,93160,378.91799055388583,7617.003005581795,7995.92099613568,1983,-5,7.033333333333334,32.31065,0.48317087,0.097296305,0.027425373,0.60622752,0.10251497,30785.016
michigan,MI,48126,1979,91616,327.4537198742578,6903.815927348935,7231.269647223193,1983,-4,7.866666666666667,32.169865,0.48424485,0.11028613,0.039970256,0.61940473,0.110382,31021.055
michigan,MI,48126,1980,90589,411.749770943492,8529.733190563977,8941.482961507467,1983,-3,12.3,32.069286,0.48554301,0.11301129,0.028930817,0.65030676,0.12293535,30440.963
michigan,MI,48126,1981,90323,363.1411711302769,8671.10259845222,9034.243769582497,1983,-2,12.375,32.087906,0.47540402,0.10992719,0.020931073,0.66312557,0.12393767,28922.014
michigan,MI,48126,1982,89420,379.109818832476,8199.507940058153,8578.617758890628,1983,-1,15.458333333333334,32.922588,0.48444104,0.11640415,0.022364838,0.67407221,0.12421106,29162.16
michigan,MI,48126,1983,89027,114.57198378020152,1910.6563177463017,2025.2283015265032,1983,0,14.483333333333334,32.222137,0.48231697,0.10361308,0.028372901,0.69632447,0.12420786,29039.439
michigan,MI,48126,1984,86159,456.1334277324481,8627.073201870959,9083.206629603408,1983,1,11.233333333333334,32.450314,0.47905281,0.11536127,0.0248878,0.70299947,0.11515801,29317.244
michigan,MI,48126,1985,86286,456.62100456621005,7815.868159376955,8272.489163943166,1983,2,10,33.178978,0.48394457,0.11844184,0.02938053,0.71487135,0.13504897,31203.186
michigan,MI,48126,1986,87597,482.89324976882773,7784.513168259187,8267.406418028015,1983,3,8.908333333333333,33.213631,0.48769328,0.11722941,0.030384982,0.7072165,0.13835052,33360.262
michigan,MI,48126,1987,86842,460.60661891711385,8389.949563575228,8850.556182492342,1983,4,8.391666666666667,33.143318,0.47369272,0.12249839,0.021512385,0.71605718,0.13871375,34515.086
michigan,MI,48126,1988,86459,529.7308550873825,8990.38850784765,9520.119362935033,1983,5,7.566666666666666,34.245483,0.48062396,0.1224959,0.02191826,0.72878885,0.13925371,35462.297
michigan,MI,48126,1989,86490,542.2592207191583,7837.900335298878,8380.159556018036,1983,6,7.183333333333334,34.468853,0.48269612,0.12738958,0.018530775,0.72621316,0.14897224,35155.121
michigan,MI,48126,1990,89286,565.5981900857917,7534.215890509151,8099.8140805949415,1983,7,7.7,33.892941,0.48602557,0.12774357,0.019508326,0.7376371,0.1568384,34903.18
michigan,MI,48126,1991,89984,588.9935988620199,7861.397581792319,8450.391180654338,1983,8,9.283333333333331,34.262882,0.48759541,0.1226145,0.027910685,0.75025713,0.15120345,34567.844
michigan,MI,48154,1973,113800,175.7469244288225,3780.316344463972,3956.063268892794,1983,-10,NA,NA,NA,NA,NA,NA,NA,NA
michigan,MI,48154,1974,114200,201.40105078809106,4787.215411558669,4988.61646234676,1983,-9,NA,NA,NA,NA,NA,NA,NA,NA
michigan,MI,48154,1975,110662,249.40810757080118,4620.375558005458,4869.783665576259,1983,-8,NA,NA,NA,NA,NA,NA,NA,NA
michigan,MI,48154,1976,109500,255.70776255707761,4278.5388127853885,4310.502283105023,1983,-7,9.4,NA,NA,NA,NA,NA,NA,NA
michigan,MI,48154,1977,115000,192.17391304347825,3727.826086956522,3920,1983,-6,8.225,31.371704,0.48218104,0.10637919,0.025257081,0.60444444,0.10596491,30668.719
michigan,MI,48154,1978,112700,197.8704525288376,3954.747116237799,4152.617568766637,1983,-5,7.033333333333334,32.31065,0.48317087,0.097296305,0.027425373,0.60622752,0.10251497,30785.016
michigan,MI,48154,1979,105735,236.44015699626425,4567.07807253984,4803.518229536105,1983,-4,7.866666666666667,32.169865,0.48424485,0.11028613,0.039970256,0.61940473,0.110382,31021.055
michigan,MI,48154,1980,104728,264.4946910090902,4952.830188679246,5217.324879688335,1983,-3,12.3,32.069286,0.48554301,0.11301129,0.028930817,0.65030676,0.12293535,30440.963
michigan,MI,48154,1981,104420,285.3859413905382,5274.851561003639,5560.237502394178,1983,-2,12.375,32.087906,0.47540402,0.10992719,0.020931073,0.66312557,0.12393767,28922.014
michigan,MI,48154,1982,103376,266.9865345921684,4782.541402259712,5049.52793685188,1983,-1,15.458333333333334,32.922588,0.48444104,0.11640415,0.022364838,0.67407221,0.12421106,29162.16
michigan,MI,48154,1983,102921,256.50741831113186,4609.360577530339,4865.8679958414705,1983,0,14.483333333333334,32.222137,0.48231697,0.10361308,0.028372901,0.69632447,0.12420786,29039.439
michigan,MI,48154,1984,100915,160.53114006837436,3038.2004657384928,3198.731605806867,1983,1,11.233333333333334,32.450314,0.47905281,0.11536127,0.0248878,0.70299947,0.11515801,29317.244
michigan,MI,48154,1985,100511,257.683238650496,4560.694849319974,4818.378087970471,1983,2,10,33.178978,0.48394457,0.11844184,0.02938053,0.71487135,0.13504897,31203.186
michigan,MI,48154,1986,101098,392.68828265643236,4788.423114206018,5181.11139686245,1983,3,8.908333333333333,33.213631,0.48769328,0.11722941,0.030384982,0.7072165,0.13835052,33360.262
michigan,MI,48154,1987,101031,352.3670952479932,5112.292266730014,5464.659361978007,1983,4,8.391666666666667,33.143318,0.47369272,0.12249839,0.021512385,0.71605718,0.13871375,34515.086
michigan,MI,48154,1988,100586,286.32215218817726,4374.366213986042,4660.6883661742195,1983,5,7.566666666666666,34.245483,0.48062396,0.1224959,0.02191826,0.72878885,0.13925371,35462.297
michigan,MI,48154,1989,101463,238.51059006731518,4586.893744517706,4825.404334585021,1983,6,7.183333333333334,34.468853,0.48269612,0.12738958,0.018530775,0.72621316,0.14897224,35155.121
michigan,MI,48154,1990,100850,278.6316311353495,4057.5111551809614,4336.142786316311,1983,7,7.7,33.892941,0.48602557,0.12774357,0.019508326,0.7376371,0.1568384,34903.18
michigan,MI,48154,1991,101638,282.3747023750959,3968.9879769377594,4251.362679312855,1983,8,9.283333333333331,34.262882,0.48759541,0.1226145,0.027910685,0.75025713,0.15120345,34567.844
michigan,MI,48185,1979,86502,309.81942614043606,5294.675267623869,5604.494693764306,1983,-4,7.866666666666667,32.169865,0.48424485,0.11028613,0.039970256,0.61940473,0.110382,31021.055
michigan,MI,48185,1991,85386,579.7203288595321,6075.937507319701,6655.6578361792335,1983,8,9.283333333333331,34.262882,0.48759541,0.1226145,0.027910685,0.75025713,0.15120345,34567.844
michigan,MI,48226,1987,1091523,2544.8845328957796,10279.21537154966,12824.09990444544,1983,4,8.391666666666667,33.143318,0.47369272,0.12249839,0.021512385,0.71605718,0.13871375,34515.086
michigan,MI,48226,1988,1086714,2374.5898184802995,9866.165338810395,12240.755157290694,1983,5,7.566666666666666,34.245483,0.48062396,0.1224959,0.02191826,0.72878885,0.13925371,35462.297
michigan,MI,48226,1989,1039599,2400.5409778193325,9836.677411194123,12237.218389013457,1983,6,7.183333333333334,34.468853,0.48269612,0.12738958,0.018530775,0.72621316,0.14897224,35155.121
michigan,MI,48226,1990,1027974,2699.192781140379,9619.309437787337,12318.502218927715,1983,7,7.7,33.892941,0.48602557,0.12774357,0.019508326,0.7376371,0.1568384,34903.18
michigan,MI,48226,1991,1036246,2727.3446652628813,9683.221937648012,12410.56660291089,1983,8,9.283333333333331,34.262882,0.48759541,0.1226145,0.027910685,0.75025713,0.15120345,34567.844
michigan,MI,48605,1973,87022,1349.0841396428489,8604.720645354048,9953.804784996897,1983,-10,NA,NA,NA,NA,NA,NA,NA,NA
michigan,MI,48605,1974,88400,1572.3981900452488,10175.339366515836,11747.737556561086,1983,-9,NA,NA,NA,NA,NA,NA,NA,NA
michigan,MI,48605,1975,86222,1709.5404885064138,9569.483426503677,11279.02391501009,1983,-8,NA,NA,NA,NA,NA,NA,NA,NA
michigan,MI,48933,1973,140228,426.4483555352711,6189.919274324671,6616.367629859943,1983,-10,NA,NA,NA,NA,NA,NA,NA,NA
michigan,MI,48933,1974,143122,447.17094506784423,6649.571694079177,7096.742639147022,1983,-9,NA,NA,NA,NA,NA,NA,NA,NA
michigan,MI,48933,1975,135219,487.3575459070101,6837.056922473912,7324.414468380923,1983,-8,NA,NA,NA,NA,NA,NA,NA,NA
michigan,MI,48933,1976,134421,429.9923375067884,7091.153911963161,7521.146249469948,1983,-7,9.4,NA,NA,NA,NA,NA,NA,NA
michigan,MI,48933,1977,134423,424.0345774160672,5688.014699865351,6112.049277281418,1983,-6,8.225,31.371704,0.48218104,0.10637919,0.025257081,0.60444444,0.10596491,30668.719
michigan,MI,48933,1978,156884,443.00247316488617,4901.710818184136,5344.713291349022,1983,-5,7.033333333333334,32.31065,0.48317087,0.097296305,0.027425373,0.60622752,0.10251497,30785.016
michigan,MI,48933,1979,125976,546.9295738870895,6257.541118943291,6804.47069283038,1983,-4,7.866666666666667,32.169865,0.48424485,0.11028613,0.039970256,0.61940473,0.110382,31021.055
michigan,MI,48933,1980,125776,584.3722172751559,7037.113598778781,7621.485816053937,1983,-3,12.3,32.069286,0.48554301,0.11301129,0.028930817,0.65030676,0.12293535,30440.963
michigan,MI,48933,1981,125407,712.0814627572623,7334.5188067651725,8046.600269522434,1983,-2,12.375,32.087906,0.47540402,0.10992719,0.020931073,0.66312557,0.12393767,28922.014
michigan,MI,48933,1982,124152,815.1298408402603,7908.853663251499,8723.983504091759,1983,-1,15.458333333333334,32.922588,0.48444104,0.11640415,0.022364838,0.67407221,0.12421106,29162.16
michigan,MI,48933,1983,123606,739.4463051955406,7402.553274112906,8141.999579308448,1983,0,14.483333333333334,32.222137,0.48231697,0.10361308,0.028372901,0.69632447,0.12420786,29039.439
michigan,MI,48933,1984,127767,862.5075332441085,6602.643875179037,7465.151408423146,1983,1,11.233333333333334,32.450314,0.47905281,0.11536127,0.0248878,0.70299947,0.11515801,29317.244
michigan,MI,48933,1985,128161,830.205756821498,6955.314019085369,7785.519775906867,1983,2,10,33.178978,0.48394457,0.11844184,0.02938053,0.71487135,0.13504897,31203.186
michigan,MI,48933,1986,128909,1164.3872809501277,7965.308861289746,9129.696142239874,1983,3,8.908333333333333,33.213631,0.48769328,0.11722941,0.030384982,0.7072165,0.13835052,33360.262
michigan,MI,48933,1987,129610,1299.2824627729342,7244.811357148369,8544.093819921303,1983,4,8.391666666666667,33.143318,0.47369272,0.12249839,0.021512385,0.71605718,0.13871375,34515.086
michigan,MI,48933,1988,131239,1220.6737326556893,6858.479567811397,8079.153300467087,1983,5,7.566666666666666,34.245483,0.48062396,0.1224959,0.02191826,0.72878885,0.13925371,35462.297
michigan,MI,48933,1989,125419,1268.5478276816111,6841.068737591593,8109.616565273204,1983,6,7.183333333333334,34.468853,0.48269612,0.12738958,0.018530775,0.72621316,0.14897224,35155.121
michigan,MI,48933,1990,127321,1471.8703120459313,6905.380887677602,8377.251199723532,1983,7,7.7,33.892941,0.48602557,0.12774357,0.019508326,0.7376371,0.1568384,34903.18
michigan,MI,48933,1991,128315,1377.859174687293,6748.236761095741,8126.095935783034,1983,8,9.283333333333331,34.262882,0.48759541,0.1226145,0.027910685,0.75025713,0.15120345,34567.844
michigan,MI,49502,1973,197934,494.60931421584974,4607.596471551123,5102.205785766973,1983,-10,NA,NA,NA,NA,NA,NA,NA,NA
michigan,MI,49502,1974,195200,507.6844262295082,4944.67213114754,5452.356557377049,1983,-9,NA,NA,NA,NA,NA,NA,NA,NA
michigan,MI,49502,1975,198342,612.07409424126,6603.240866785653,7215.314961026913,1983,-8,NA,NA,NA,NA,NA,NA,NA,NA
michigan,MI,49502,1976,193500,571.0594315245478,6345.736434108528,6916.795865633076,1983,-7,9.4,NA,NA,NA,NA,NA,NA,NA
michigan,MI,49502,1977,196538,621.2539050972331,6403.850654835197,7025.104559932431,1983,-6,8.225,31.371704,0.48218104,0.10637919,0.025257081,0.60444444,0.10596491,30668.719
michigan,MI,49502,1978,189200,673.3615221987314,5956.659619450317,6630.021141649049,1983,-5,7.033333333333334,32.31065,0.48317087,0.097296305,0.027425373,0.60622752,0.10251497,30785.016
michigan,MI,49502,1979,185416,864.5424343098762,7120.744703801182,7985.287138111058,1983,-4,7.866666666666667,32.169865,0.48424485,0.11028613,0.039970256,0.61940473,0.110382,31021.055
michigan,MI,49502,1980,181602,984.019999779738,8026.3433222101085,9010.363321989846,1983,-3,12.3,32.069286,0.48554301,0.11301129,0.028930817,0.65030676,0.12293535,30440.963
michigan,MI,49502,1981,181068,1036.0748448096847,8464.223385689354,9500.29823049904,1983,-2,12.375,32.087906,0.47540402,0.10992719,0.020931073,0.66312557,0.12393767,28922.014
michigan,MI,49502,1982,179258,1124.6359995090875,9019.960057570654,10144.59605707974,1983,-1,15.458333333333334,32.922588,0.48444104,0.11640415,0.022364838,0.67407221,0.12421106,29162.16
michigan,MI,49502,1983,178470,1117.2746119796043,8435.031097663474,9552.305709643077,1983,0,14.483333333333334,32.222137,0.48231697,0.10361308,0.028372901,0.69632447,0.12420786,29039.439
michigan,MI,49502,1984,181960,1114.5306660804574,7819.850516597055,8934.38118267751,1983,1,11.233333333333334,32.450314,0.47905281,0.11536127,0.0248878,0.70299947,0.11515801,29317.244
michigan,MI,49502,1985,183270,1208.0536912751677,7510.230807006056,8718.284498281224,1983,2,10,33.178978,0.48394457,0.11844184,0.02938053,0.71487135,0.13504897,31203.186
michigan,MI,49502,1986,184340,1161.9832917435174,7811.109905609201,8973.093197352717,1983,3,8.908333333333333,33.213631,0.48769328,0.11722941,0.030384982,0.7072165,0.13835052,33360.262
michigan,MI,49502,1987,187441,1200.9112200639133,8128.424410881291,9329.335630945205,1983,4,8.391666666666667,33.143318,0.47369272,0.12249839,0.021512385,0.71605718,0.13871375,34515.086
michigan,MI,49502,1988,190343,1217.276180369123,7081.952054974441,8299.228235343564,1983,5,7.566666666666666,34.245483,0.48062396,0.1224959,0.02191826,0.72878885,0.13925371,35462.297
michigan,MI,49502,1989,186036,1241.1576254058355,7277.623685738244,8518.781311144081,1983,6,7.183333333333334,34.468853,0.48269612,0.12738958,0.018530775,0.72621316,0.14897224,35155.121
michigan,MI,49502,1990,189126,1599.4627920010998,7146.5583790700375,8746.021171071137,1983,7,7.7,33.892941,0.48602557,0.12774357,0.019508326,0.7376371,0.1568384,34903.18
michigan,MI,49502,1991,190604,1719.7960168726784,7517.680636293047,9237.476653165726,1983,8,9.283333333333331,34.262882,0.48759541,0.1226145,0.027910685,0.75025713,0.15120345,34567.844
