"state","state_abb","zip_code","year","actual_murder","actual_rape_total","actual_robbery_total","actual_assault_total","actual_burg_total","actual_theft_total","actual_mtr_veh_theft_total","actual_index_violent","actual_index_property","actual_index_total","population","population_group","juvenile_age"
"illinois","IL",60506,1986,9,0,172,1939,1541,3387,246,488,5217,5705,86040,"city 50,000 thru 99,999",17
"illinois","IL",60506,1987,1,0,174,2069,1617,3627,266,500,5552,6052,85600,"city 50,000 thru 99,999",17
"illinois","IL",60506,1989,9,0,193,2681,1429,4438,342,629,6263,6892,91479,"city 50,000 thru 99,999",17
"illinois","IL",60506,1990,11,0,245,2881,1603,3944,302,791,5887,6678,99581,"city 50,000 thru 99,999",17
"illinois","IL",60506,1991,13,0,301,3224,1687,4080,406,828,6234,7062,99990,"city 50,000 thru 99,999",17
"illinois","IL",60540,1990,0,0,9,718,382,1871,63,64,2328,2392,85351,"city 50,000 thru 99,999",17
"illinois","IL",60566,1991,1,0,16,753,323,2057,117,72,2506,2578,86190,"city 50,000 thru 99,999",17
"illinois","IL",60605,1973,864,1619,24181,44805,44753,93654,37159,38949,175566,214515,3334500,"city 1,000,000+",17
"illinois","IL",60605,1974,970,1920,26172,45310,50722,114792,35442,42280,200956,243236,3296936,"city 1,000,000+",17
"illinois","IL",60605,1975,818,1657,22171,39260,47299,117909,33484,37160,198692,235852,3150000,"city 1,000,000+",17
"illinois","IL",60605,1976,814,1179,17577,34786,38661,112298,32469,30640,183428,214068,3134499,"city 1,000,000+",17
"illinois","IL",60605,1977,823,1227,16512,35363,37573,105406,31987,28873,174966,203839,3086806,"city 1,000,000+",17
"illinois","IL",60605,1978,787,1341,15233,38163,34165,99036,29928,27686,163129,190815,3086699,"city 1,000,000+",17
"illinois","IL",60605,1979,856,1655,14464,42857,33396,94087,31438,27807,160776,188583,3060801,"city 1,000,000+",17
"illinois","IL",60605,1980,863,1329,16261,43967,34288,102873,30786,28658,169863,198521,2986419,"city 1,000,000+",17
"illinois","IL",60605,1981,877,1255,16118,44807,30112,88197,32288,25609,152776,178385,3012703,"city 1,000,000+",17
"illinois","IL",60605,1982,668,1112,16307,55997,32249,92388,30850,26404,157138,183542,3010862,"city 1,000,000+",17
"illinois","IL",60605,1983,729,2246,23471,68726,48955,113821,39051,39776,203778,243554,3021203,"city 1,000,000+",17
"illinois","IL",60605,1985,666,1792,26892,29096,52658,121264,44892,58446,220840,279286,2998841,"city 1,000,000+",17
"illinois","IL",60605,1986,744,0,30918,102767,56274,121751,48511,65191,229161,294352,3003105,"city 1,000,000+",17
"illinois","IL",60605,1987,687,0,29815,46044,50931,119072,39715,64674,212522,277196,3018338,"city 1,000,000+",17
"illinois","IL",60605,1988,660,0,28975,35988,52060,128584,45012,65623,228547,294170,2994100,"city 1,000,000+",17
"illinois","IL",60605,1989,742,0,31588,37615,51580,130153,45898,69945,230189,300134,2988260,"city 1,000,000+",17
"illinois","IL",60605,1990,851,0,37156,126860,50203,130000,48626,79121,231485,310606,2783726,"city 1,000,000+",17
"illinois","IL",60605,1991,925,0,43783,42237,52234,131688,47396,86945,233387,320332,2811478,"city 1,000,000+",17
"illinois","IL",61101,1982,11,45,441,3153,3549,7333,350,1219,11298,12517,140350,"city 100,000 thru 249,999",17
"illinois","IL",61101,1983,8,51,353,2947,3654,6548,303,1033,10546,11579,140815,"city 100,000 thru 249,999",17
"illinois","IL",61101,1984,10,62,388,3056,3822,6661,330,1052,10852,11904,139043,"city 100,000 thru 249,999",17
"illinois","IL",61101,1985,6,102,380,3286,3949,7220,370,1161,11573,12734,136822,"city 100,000 thru 249,999",17
"illinois","IL",61101,1986,12,0,397,3709,3737,6660,425,1138,10871,12009,137017,"city 100,000 thru 249,999",17
"illinois","IL",61101,1987,8,0,342,3195,4038,6885,363,944,11319,12263,136157,"city 100,000 thru 249,999",17
"illinois","IL",61104,1973,5,19,236,1378,2389,4605,510,531,7504,8035,148200,"city 100,000 thru 249,999",17
"illinois","IL",61104,1974,7,30,283,1427,3222,5472,445,656,9139,9795,149424,"city 100,000 thru 249,999",17
"illinois","IL",61104,1975,7,28,406,1538,3600,6032,431,929,10063,10992,149424,"city 100,000 thru 249,999",17
"illinois","IL",61104,1976,12,42,292,1668,3158,6099,402,788,9659,10447,150910,"city 100,000 thru 249,999",17
"illinois","IL",61104,1977,2,34,267,1759,2283,5473,368,738,8124,8862,146426,"city 100,000 thru 249,999",17
"illinois","IL",61104,1978,9,45,320,1948,2648,5728,438,870,8814,9684,141938,"city 100,000 thru 249,999",17
"illinois","IL",61104,1979,10,51,398,2407,3438,6482,561,1113,10481,11594,140571,"city 100,000 thru 249,999",17
"illinois","IL",61104,1980,10,70,492,2689,4187,6769,484,1301,11528,12829,139211,"city 100,000 thru 249,999",17
"illinois","IL",61104,1981,13,46,404,2553,4415,6972,384,1079,11870,12949,140436,"city 100,000 thru 249,999",17
"illinois","IL",61602,1988,2,0,228,4200,2770,5878,413,1249,9137,10386,108841,"city 100,000 thru 249,999",17
"illinois","IL",61602,1989,23,7,282,4067,2473,5475,321,1247,8327,9574,109955,"city 100,000 thru 249,999",17
"illinois","IL",61602,1990,4,0,348,4441,2272,5985,311,1367,8656,10023,113504,"city 100,000 thru 249,999",17
"illinois","IL",61602,1991,18,0,499,4379,2503,6362,328,1646,9281,10927,114619,"city 100,000 thru 249,999",17
"illinois","IL",62521,1973,1,21,64,798,755,2897,139,299,3791,4090,92000,"city 50,000 thru 99,999",17
"illinois","IL",62521,1974,4,11,131,1120,1213,3374,260,443,4847,5290,91018,"city 50,000 thru 99,999",17
"illinois","IL",62521,1975,4,17,85,924,1085,3523,165,300,4773,5073,91018,"city 50,000 thru 99,999",17
"illinois","IL",62521,1976,7,17,96,920,902,3648,160,290,4710,5000,93235,"city 50,000 thru 99,999",17
"illinois","IL",62521,1977,2,23,100,833,895,3460,162,282,4517,4799,85883,"city 50,000 thru 99,999",17
"illinois","IL",62521,1978,5,19,112,728,1290,3378,183,285,4851,5136,89225,"city 50,000 thru 99,999",17
"illinois","IL",62521,1979,6,33,127,825,1399,4146,206,346,5751,6097,89629,"city 50,000 thru 99,999",17
"illinois","IL",62521,1980,4,41,158,924,1675,4409,157,420,6282,6702,93513,"city 50,000 thru 99,999",17
"illinois","IL",62521,1981,3,20,118,883,1881,4362,130,337,6415,6752,94336,"city 50,000 thru 99,999",17
"illinois","IL",62615,1988,12,0,196,2438,1766,4333,296,625,6429,7054,88994,"city 50,000 thru 99,999",17
"illinois","IL",62705,1973,7,17,331,388,2008,3120,675,576,5803,6379,94597,"city 50,000 thru 99,999",17
"illinois","IL",62705,1974,6,8,254,295,2072,2731,806,433,5609,6042,92000,"city 50,000 thru 99,999",17
"illinois","IL",62705,1975,5,12,164,453,1535,2675,343,293,4553,4846,92000,"city 50,000 thru 99,999",17
"illinois","IL",62705,1976,4,28,217,736,2598,4728,440,516,7766,8282,93686,"city 50,000 thru 99,999",17
"illinois","IL",62705,1977,1,38,296,895,2244,4389,396,628,7029,7657,90154,"city 50,000 thru 99,999",17
"illinois","IL",62705,1978,12,32,370,1200,4969,5361,531,856,10861,11717,88583,"city 50,000 thru 99,999",17
"illinois","IL",62705,1979,7,30,274,1212,4421,4624,280,757,9325,10082,87461,"city 50,000 thru 99,999",17
"illinois","IL",62705,1980,8,43,333,1364,3196,5116,327,895,8695,9590,99098,"city 50,000 thru 99,999",17
"illinois","IL",62705,1981,8,69,250,1464,2441,4920,287,904,7734,8638,99970,"city 50,000 thru 99,999",17
"illinois","IL",62705,1982,5,51,294,1793,2683,5843,301,965,8892,9857,99909,"city 50,000 thru 99,999",17
"illinois","IL",62705,1983,11,50,264,1684,2761,6209,260,800,9296,10096,100240,"city 100,000 thru 249,999",17
"iowa","IA",50303,1973,13,52,347,431,2215,7859,923,559,10997,11556,202294,"city 100,000 thru 249,999",18
"iowa","IA",50303,1974,13,62,474,591,2675,9179,1044,777,12898,13675,200860,"city 100,000 thru 249,999",18
"iowa","IA",50303,1975,14,45,558,512,2118,11299,993,900,14410,15310,209000,"city 100,000 thru 249,999",18
"iowa","IA",50303,1976,8,43,315,662,2033,11961,894,781,14888,15669,209181,"city 100,000 thru 249,999",18
"iowa","IA",50303,1977,27,41,339,749,2016,11485,816,839,14317,15156,211117,"city 100,000 thru 249,999",18
"iowa","IA",50303,1978,28,67,445,910,2779,11816,1113,1119,15708,16827,194163,"city 100,000 thru 249,999",18
"iowa","IA",50303,1979,14,62,464,1063,3378,11751,1221,1074,16388,17462,194810,"city 100,000 thru 249,999",18
"iowa","IA",50303,1980,13,101,495,1221,3824,13328,1125,1092,18523,19615,190909,"city 100,000 thru 249,999",18
"iowa","IA",50303,1981,7,104,476,1390,3974,14125,836,1039,19135,20174,190202,"city 100,000 thru 249,999",18
"iowa","IA",50309,1982,13,85,347,1107,3891,13700,743,789,18546,19335,190725,"city 100,000 thru 249,999",18
"iowa","IA",50309,1983,7,86,412,1299,3806,12336,732,868,17111,17979,190725,"city 100,000 thru 249,999",18
"iowa","IA",50309,1984,15,83,407,1850,3761,12047,750,1033,16806,17839,191282,"city 100,000 thru 249,999",18
"iowa","IA",50309,1985,7,90,482,2346,4518,13517,837,1117,19129,20246,189133,"city 100,000 thru 249,999",18
"iowa","IA",50309,1986,18,89,442,3079,4884,14696,813,1290,20627,21917,186991,"city 100,000 thru 249,999",18
"iowa","IA",50309,1987,14,64,337,2903,3772,13895,772,1118,18647,19765,190928,"city 100,000 thru 249,999",18
"iowa","IA",50309,1988,13,64,385,3016,3227,13711,808,1450,18035,19485,194148,"city 100,000 thru 249,999",18
"iowa","IA",50309,1989,12,76,355,3183,2751,12863,740,1283,16581,17864,193305,"city 100,000 thru 249,999",18
"iowa","IA",50309,1990,16,96,333,3545,2772,12673,844,1406,16559,17965,193187,"city 100,000 thru 249,999",18
"iowa","IA",51103,1973,3,4,30,199,682,3554,445,184,4681,4865,88400,"city 50,000 thru 99,999",18
"iowa","IA",51103,1974,5,16,49,205,863,3667,448,214,4978,5192,85950,"city 50,000 thru 99,999",18
"iowa","IA",51103,1975,2,13,51,218,949,4418,453,168,5820,5988,86871,"city 50,000 thru 99,999",18
"iowa","IA",51103,1976,1,22,42,223,1023,3985,408,149,5416,5565,87940,"city 50,000 thru 99,999",18
"iowa","IA",51103,1977,3,28,46,284,958,3875,392,188,5225,5413,87940,"city 50,000 thru 99,999",18
"iowa","IA",51103,1978,2,25,55,402,1006,3833,377,189,5216,5405,86389,"city 50,000 thru 99,999",18
"iowa","IA",51103,1979,1,15,41,553,935,3859,422,221,5280,5501,85571,"city 50,000 thru 99,999",18
"iowa","IA",52404,1973,4,10,47,255,1050,3825,466,89,5341,5430,114391,"city 100,000 thru 249,999",18
"iowa","IA",52404,1974,3,10,103,267,1726,5905,565,194,8196,8390,115000,"city 100,000 thru 249,999",18
"iowa","IA",52404,1975,3,21,109,373,1707,6915,562,277,9184,9461,107226,"city 100,000 thru 249,999",18
"iowa","IA",52404,1976,4,22,163,448,2042,7334,461,409,9837,10246,108987,"city 100,000 thru 249,999",18
"iowa","IA",52404,1977,1,14,108,521,1741,6799,491,366,9031,9397,109879,"city 100,000 thru 249,999",18
"iowa","IA",52404,1978,3,18,92,1247,1981,6076,525,327,8582,8909,117538,"city 100,000 thru 249,999",18
"iowa","IA",52404,1979,4,22,131,1517,1932,6128,617,364,8727,9091,108575,"city 100,000 thru 249,999",18
"iowa","IA",52404,1980,1,19,114,1776,2023,6798,462,328,9327,9655,110124,"city 100,000 thru 249,999",18
"iowa","IA",52404,1981,3,19,146,1576,1917,6600,380,367,8941,9308,109715,"city 100,000 thru 249,999",18
"iowa","IA",52404,1982,4,22,84,1549,1648,5603,326,209,7634,7843,110018,"city 100,000 thru 249,999",18
"iowa","IA",52404,1983,3,23,83,1476,1844,5872,326,198,8075,8273,110018,"city 100,000 thru 249,999",18
"iowa","IA",52404,1984,5,15,88,1132,1642,5342,340,212,7346,7558,108959,"city 100,000 thru 249,999",18
"iowa","IA",52404,1985,2,24,61,1150,1844,5725,317,172,7912,8084,107702,"city 100,000 thru 249,999",18
"iowa","IA",52404,1986,2,12,109,1359,1845,6145,390,233,8429,8662,106482,"city 100,000 thru 249,999",18
"iowa","IA",52404,1987,3,8,102,1390,1802,6791,352,189,8995,9184,107731,"city 100,000 thru 249,999",18
"iowa","IA",52404,1988,2,6,82,1282,1440,5687,361,159,7571,7730,108860,"city 100,000 thru 249,999",18
"iowa","IA",52404,1989,5,7,100,1778,1218,5689,355,243,7305,7548,110526,"city 100,000 thru 249,999",18
"iowa","IA",52404,1990,1,14,73,1700,1310,5366,335,245,7052,7297,108751,"city 100,000 thru 249,999",18
"iowa","IA",52801,1973,2,32,150,641,1406,3141,524,316,5071,5387,99999,"city 50,000 thru 99,999",18
"iowa","IA",52801,1974,3,20,242,630,2012,3529,428,435,5969,6404,102400,"city 100,000 thru 249,999",18
"iowa","IA",52801,1975,0,35,266,893,2117,4795,466,590,7378,7968,99836,"city 50,000 thru 99,999",18
"iowa","IA",52801,1976,7,23,172,855,1905,5216,331,397,7452,7849,97309,"city 50,000 thru 99,999",18
"iowa","IA",52801,1977,4,35,213,983,1708,4186,414,526,6308,6834,102046,"city 100,000 thru 249,999",18
"iowa","IA",52801,1978,6,40,224,1110,2077,4194,339,575,6610,7185,105241,"city 100,000 thru 249,999",18
"iowa","IA",52801,1979,8,42,250,1233,2124,4285,435,763,6877,7640,101953,"city 100,000 thru 249,999",18
"iowa","IA",52801,1980,4,38,344,1473,2580,4770,357,919,7747,8666,103036,"city 100,000 thru 249,999",18
"iowa","IA",52801,1981,7,57,302,1462,2360,4769,287,856,7485,8341,102653,"city 100,000 thru 249,999",18
"iowa","IA",52801,1988,2,75,129,2363,1708,4392,204,859,6387,7246,98226,"city 50,000 thru 99,999",18
"iowa","IA",52801,1989,3,80,168,2684,1914,5430,276,940,7702,8642,97339,"city 50,000 thru 99,999",18
"iowa","IA",52801,1990,5,78,184,3054,1777,5444,346,1028,7660,8688,95333,"city 50,000 thru 99,999",18
"michigan","MI",48067,1973,4,14,110,356,710,2295,308,188,3313,3501,87790,"city 50,000 thru 99,999",17
"michigan","MI",48067,1974,1,16,114,404,812,3073,467,207,4352,4559,88308,"city 50,000 thru 99,999",17
"michigan","MI",48067,1975,2,10,117,435,937,2896,485,212,4318,4530,88578,"city 50,000 thru 99,999",17
"michigan","MI",48067,1976,1,13,100,398,769,2632,312,182,3713,3895,89534,"city 50,000 thru 99,999",17
"michigan","MI",48078,1976,1,15,38,455,686,3102,358,166,4146,4312,92904,"city 50,000 thru 99,999",17
"michigan","MI",48078,1977,0,5,25,453,697,2727,341,128,3765,3893,93679,"city 50,000 thru 99,999",17
"michigan","MI",48078,1978,2,9,35,475,634,2878,399,140,3911,4051,103000,"city 100,000 thru 249,999",17
"michigan","MI",48078,1979,1,12,40,498,679,3610,517,159,4854,5013,96918,"city 50,000 thru 99,999",17
"michigan","MI",48078,1980,1,2,37,537,704,3732,519,168,5012,5180,108998,"city 100,000 thru 249,999",17
"michigan","MI",48078,1981,0,20,51,789,1011,3556,539,346,5106,5452,108678,"city 100,000 thru 249,999",17
"michigan","MI",48078,1982,0,24,25,581,822,3434,513,185,4820,5005,107591,"city 100,000 thru 249,999",17
"michigan","MI",48078,1983,1,26,40,1057,806,3406,582,368,4842,5210,107118,"city 100,000 thru 249,999",17
"michigan","MI",48078,1984,1,31,37,1068,881,2822,592,280,4316,4596,107999,"city 100,000 thru 249,999",17
"michigan","MI",48078,1985,7,19,64,1294,1021,3272,601,305,4920,5225,109602,"city 100,000 thru 249,999",17
"michigan","MI",48078,1986,0,26,56,1612,960,3562,664,430,5217,5647,110241,"city 100,000 thru 249,999",17
"michigan","MI",48078,1987,4,21,62,1648,937,3487,662,309,5132,5441,112507,"city 100,000 thru 249,999",17
"michigan","MI",48078,1988,2,37,51,1673,881,3370,675,327,4965,5292,114838,"city 100,000 thru 249,999",17
"michigan","MI",48078,1989,3,33,47,1828,922,3996,746,345,5711,6056,115132,"city 100,000 thru 249,999",17
"michigan","MI",48078,1990,2,38,49,2145,731,4203,527,417,5518,5935,117810,"city 100,000 thru 249,999",17
"michigan","MI",48078,1991,0,41,60,2145,654,4342,404,389,5460,5849,118731,"city 100,000 thru 249,999",17
"michigan","MI",48081,1973,2,5,52,646,807,2268,209,141,3284,3425,91110,"city 50,000 thru 99,999",17
"michigan","MI",48081,1974,0,8,69,706,1061,2633,255,207,3949,4156,91533,"city 50,000 thru 99,999",17
"michigan","MI",48081,1975,2,14,80,650,1036,3013,295,233,4344,4577,93840,"city 50,000 thru 99,999",17
"michigan","MI",48081,1976,0,9,60,643,942,2788,280,184,4010,4194,90000,"city 50,000 thru 99,999",17
"michigan","MI",48081,1977,3,7,40,590,626,2169,213,165,3008,3173,89000,"city 50,000 thru 99,999",17
"michigan","MI",48081,1978,2,7,35,487,482,1705,177,145,2364,2509,85600,"city 50,000 thru 99,999",17
"michigan","MI",48081,1979,2,13,36,576,639,2060,213,172,2950,3122,85696,"city 50,000 thru 99,999",17
"michigan","MI",48091,1973,4,17,252,1210,1815,5010,941,597,7766,8363,184500,"city 100,000 thru 249,999",17
"michigan","MI",48091,1974,4,38,286,1189,2697,6338,1400,627,10435,11062,183450,"city 100,000 thru 249,999",17
"michigan","MI",48091,1975,8,22,296,1213,2029,6405,1414,657,9848,10505,189085,"city 100,000 thru 249,999",17
"michigan","MI",48091,1976,9,22,233,1075,1856,6398,1284,569,9538,10107,187000,"city 100,000 thru 249,999",17
"michigan","MI",48091,1977,2,28,157,1225,1765,5698,1165,582,8628,9210,171000,"city 100,000 thru 249,999",17
"michigan","MI",48091,1978,10,27,174,1411,1905,5873,1153,644,8931,9575,175345,"city 100,000 thru 249,999",17
"michigan","MI",48091,1979,3,47,181,1289,1870,6381,1553,653,9915,10568,170509,"city 100,000 thru 249,999",17
"michigan","MI",48091,1980,7,44,138,1418,1844,6919,1557,620,10414,11034,161173,"city 100,000 thru 249,999",17
"michigan","MI",48091,1981,6,38,253,1831,2383,7027,1827,858,11350,12208,160699,"city 100,000 thru 249,999",17
"michigan","MI",48093,1982,7,23,238,1501,1731,6396,1653,727,9877,10604,159092,"city 100,000 thru 249,999",17
"michigan","MI",48093,1983,6,36,215,1617,1766,6282,1855,677,9997,10674,158393,"city 100,000 thru 249,999",17
"michigan","MI",48093,1984,5,49,259,1861,1763,6144,2142,852,10063,10915,155436,"city 100,000 thru 249,999",17
"michigan","MI",48093,1985,9,49,272,2319,1731,6295,2022,1002,10057,11059,152260,"city 100,000 thru 249,999",17
"michigan","MI",48093,1986,10,40,296,2624,1865,5613,2076,1089,9618,10707,153148,"city 100,000 thru 249,999",17
"michigan","MI",48093,1987,11,64,358,1935,1852,5763,1950,922,9657,10579,150531,"city 100,000 thru 249,999",17
"michigan","MI",48093,1988,7,57,258,1550,1737,4968,2038,700,8818,9518,153650,"city 100,000 thru 249,999",17
"michigan","MI",48093,1989,3,63,251,1623,1866,4760,2261,736,8937,9673,145932,"city 100,000 thru 249,999",17
"michigan","MI",48093,1990,19,95,255,2044,1333,4723,1798,977,7877,8854,144864,"city 100,000 thru 249,999",17
"michigan","MI",48093,1991,2,113,318,2478,1437,5050,1667,1192,8202,9394,145996,"city 100,000 thru 249,999",17
"michigan","MI",48108,1982,1,34,95,1032,1546,5445,390,428,7381,7809,98852,"city 50,000 thru 99,999",17
"michigan","MI",48108,1983,3,31,82,981,1555,4844,333,397,6743,7140,98417,"city 50,000 thru 99,999",17
"michigan","MI",48108,1984,1,51,96,1490,1990,6646,416,586,9062,9648,104413,"city 100,000 thru 249,999",17
"michigan","MI",48108,1985,4,37,143,1530,1562,6497,499,635,8567,9202,107832,"city 100,000 thru 249,999",17
"michigan","MI",48108,1986,3,44,217,1641,1753,7534,583,749,9934,10683,108461,"city 100,000 thru 249,999",17
"michigan","MI",48108,1987,4,59,180,1622,1718,7378,498,675,9623,10298,108336,"city 100,000 thru 249,999",17
"michigan","MI",48108,1988,0,66,213,2031,1671,6523,449,875,8681,9556,109724,"city 100,000 thru 249,999",17
"michigan","MI",48108,1989,3,54,152,1871,1503,6066,416,656,8011,8667,108830,"city 100,000 thru 249,999",17
"michigan","MI",48108,1990,1,63,125,1620,1453,6811,368,580,8669,9249,109592,"city 100,000 thru 249,999",17
"michigan","MI",48108,1991,2,50,148,1541,1251,4725,402,613,6429,7042,110449,"city 100,000 thru 249,999",17
"michigan","MI",48126,1973,3,16,174,425,713,3844,1098,264,5655,5919,104700,"city 100,000 thru 249,999",17
"michigan","MI",48126,1974,8,19,229,406,1001,4697,1347,311,7045,7356,101100,"city 100,000 thru 249,999",17
"michigan","MI",48126,1975,2,23,280,466,983,5012,1427,382,7422,7804,1e+05,"city 100,000 thru 249,999",17
"michigan","MI",48126,1976,5,25,231,512,1046,5610,1281,372,7937,8309,104000,"city 100,000 thru 249,999",17
"michigan","MI",48126,1977,5,21,179,629,831,4695,1212,328,6738,7066,97000,"city 50,000 thru 99,999",17
"michigan","MI",48126,1978,2,16,180,631,883,4850,1363,353,7096,7449,93160,"city 50,000 thru 99,999",17
"michigan","MI",48126,1979,6,16,131,706,636,4409,1251,300,6325,6625,91616,"city 50,000 thru 99,999",17
"michigan","MI",48126,1980,2,14,183,929,786,5561,1365,373,7727,8100,90589,"city 50,000 thru 99,999",17
"michigan","MI",48126,1981,8,19,169,786,1064,5316,1430,328,7832,8160,90323,"city 50,000 thru 99,999",17
"michigan","MI",48126,1982,2,18,184,675,986,4857,1489,339,7332,7671,89420,"city 50,000 thru 99,999",17
"michigan","MI",48126,1983,4,1,70,186,206,1072,420,102,1701,1803,89027,"city 50,000 thru 99,999",17
"michigan","MI",48126,1984,9,22,217,746,913,4663,1846,393,7433,7826,86159,"city 50,000 thru 99,999",17
"michigan","MI",48126,1985,5,28,207,797,838,4323,1577,394,6744,7138,86286,"city 50,000 thru 99,999",17
"michigan","MI",48126,1986,4,17,230,814,765,4574,1465,423,6819,7242,87597,"city 50,000 thru 99,999",17
"michigan","MI",48126,1987,4,24,200,788,865,4939,1457,400,7286,7686,86842,"city 50,000 thru 99,999",17
"michigan","MI",48126,1988,3,17,218,797,919,5347,1492,458,7773,8231,86459,"city 50,000 thru 99,999",17
"michigan","MI",48126,1989,4,4,173,892,568,4964,1235,469,6779,7248,86490,"city 50,000 thru 99,999",17
"michigan","MI",48126,1990,5,12,153,996,471,5140,1109,505,6727,7232,89286,"city 50,000 thru 99,999",17
"michigan","MI",48126,1991,6,11,198,910,745,5487,820,530,7074,7604,89984,"city 50,000 thru 99,999",17
"michigan","MI",48154,1973,3,17,86,407,1274,2577,451,200,4302,4502,113800,"city 100,000 thru 249,999",17
"michigan","MI",48154,1974,4,10,88,543,1837,3067,563,230,5467,5697,114200,"city 100,000 thru 249,999",17
"michigan","MI",48154,1975,2,15,121,392,1533,3030,550,276,5113,5389,110662,"city 100,000 thru 249,999",17
"michigan","MI",48154,1976,2,12,97,420,966,3252,467,280,4685,4720,109500,"city 100,000 thru 249,999",17
"michigan","MI",48154,1977,2,16,61,421,933,2854,500,221,4287,4508,115000,"city 100,000 thru 249,999",17
"michigan","MI",48154,1978,0,6,72,438,1004,2934,519,223,4457,4680,112700,"city 100,000 thru 249,999",17
"michigan","MI",48154,1979,2,7,70,473,965,3241,555,250,4829,5079,105735,"city 100,000 thru 249,999",17
"michigan","MI",48154,1980,1,10,67,482,1077,3358,526,277,5187,5464,104728,"city 100,000 thru 249,999",17
"michigan","MI",48154,1981,2,9,70,527,1342,3395,611,298,5508,5806,104420,"city 100,000 thru 249,999",17
"michigan","MI",48154,1982,2,15,85,485,1313,2949,651,276,4944,5220,103376,"city 100,000 thru 249,999",17
"michigan","MI",48154,1983,1,16,67,502,1178,2682,844,264,4744,5008,102921,"city 100,000 thru 249,999",17
"michigan","MI",48154,1984,2,6,56,332,759,1653,649,162,3066,3228,100915,"city 100,000 thru 249,999",17
"michigan","MI",48154,1985,3,16,79,484,1038,2608,923,259,4584,4843,100511,"city 100,000 thru 249,999",17
"michigan","MI",48154,1986,1,18,130,843,804,2912,1098,397,4841,5238,101098,"city 100,000 thru 249,999",17
"michigan","MI",48154,1987,0,17,147,646,878,3163,1085,356,5165,5521,101031,"city 100,000 thru 249,999",17
"michigan","MI",48154,1988,0,14,91,586,885,2649,842,288,4400,4688,100586,"city 100,000 thru 249,999",17
"michigan","MI",48154,1989,2,12,93,562,866,3055,699,242,4654,4896,101463,"city 100,000 thru 249,999",17
"michigan","MI",48154,1990,1,21,91,637,697,2867,511,281,4092,4373,100850,"city 100,000 thru 249,999",17
"michigan","MI",48154,1991,0,22,101,619,653,2883,498,287,4034,4321,101638,"city 100,000 thru 249,999",17
"michigan","MI",48185,1979,2,44,84,867,902,3203,438,268,4580,4848,86502,"city 50,000 thru 99,999",17
"michigan","MI",48185,1991,4,45,89,1943,928,3469,741,495,5188,5683,85386,"city 50,000 thru 99,999",17
"michigan","MI",48226,1987,686,1417,15093,13922,36900,43914,29819,27778,112200,139978,1091523,"city 1,000,000+",17
"michigan","MI",48226,1988,629,1447,12978,14129,32147,43259,30123,25805,107217,133022,1086714,"city 1,000,000+",17
"michigan","MI",48226,1989,624,1424,11902,14401,29031,43577,28123,24956,102262,127218,1039599,"city 1,000,000+",17
"michigan","MI",48226,1990,582,1657,13010,16215,26063,41139,30376,27747,98884,126631,1027974,"city 1,000,000+",17
"michigan","MI",48226,1991,615,1427,13569,16477,26059,44019,28740,28262,100342,128604,1036246,"city 1,000,000+",17
"michigan","MI",48605,1973,30,62,577,1962,2469,4764,255,1174,7488,8662,87022,"city 50,000 thru 99,999",17
"michigan","MI",48605,1974,20,66,611,1766,3209,5484,302,1390,8995,10385,88400,"city 50,000 thru 99,999",17
"michigan","MI",48605,1975,42,71,714,1737,3013,4950,288,1474,8251,9725,86222,"city 50,000 thru 99,999",17
"michigan","MI",48933,1973,11,42,248,1144,2619,5439,622,598,8680,9278,140228,"city 100,000 thru 249,999",17
"michigan","MI",48933,1974,11,35,242,1086,2928,6029,560,640,9517,10157,143122,"city 100,000 thru 249,999",17
"michigan","MI",48933,1975,8,48,298,921,2557,6275,413,659,9245,9904,135219,"city 100,000 thru 249,999",17
"michigan","MI",48933,1976,7,50,195,962,2175,6983,374,578,9532,10110,134421,"city 100,000 thru 249,999",17
"michigan","MI",48933,1977,13,60,179,1044,2033,5221,392,570,7646,8216,134423,"city 100,000 thru 249,999",17
"michigan","MI",48933,1978,13,67,149,1373,2235,5013,442,695,7690,8385,156884,"city 100,000 thru 249,999",17
"michigan","MI",48933,1979,7,54,180,1476,2029,5241,509,689,7883,8572,125976,"city 100,000 thru 249,999",17
"michigan","MI",48933,1980,4,53,216,1632,2534,5881,365,735,8851,9586,125776,"city 100,000 thru 249,999",17
"michigan","MI",48933,1981,9,111,153,1866,2696,6139,280,893,9198,10091,125407,"city 100,000 thru 249,999",17
"michigan","MI",48933,1982,8,181,250,1706,3264,6168,322,1012,9819,10831,124152,"city 100,000 thru 249,999",17
"michigan","MI",48933,1983,5,76,247,1578,2914,5854,283,914,9150,10064,123606,"city 100,000 thru 249,999",17
"michigan","MI",48933,1984,17,92,180,2244,2383,5493,460,1102,8436,9538,127767,"city 100,000 thru 249,999",17
"michigan","MI",48933,1985,6,75,210,2203,2391,5998,424,1064,8914,9978,128161,"city 100,000 thru 249,999",17
"michigan","MI",48933,1986,6,145,293,3045,3107,6607,468,1501,10268,11769,128909,"city 100,000 thru 249,999",17
"michigan","MI",48933,1987,8,164,336,3306,2612,6043,657,1684,9390,11074,129610,"city 100,000 thru 249,999",17
"michigan","MI",48933,1988,11,136,398,3163,2309,5910,685,1602,9001,10603,131239,"city 100,000 thru 249,999",17
"michigan","MI",48933,1989,16,148,360,3231,1963,5915,620,1591,8580,10171,125419,"city 100,000 thru 249,999",17
"michigan","MI",48933,1990,11,163,309,3953,1748,6376,576,1874,8792,10666,127321,"city 100,000 thru 249,999",17
"michigan","MI",48933,1991,12,188,294,3726,1759,6218,595,1768,8659,10427,128315,"city 100,000 thru 249,999",17
"michigan","MI",49502,1973,16,74,404,1077,3449,5017,654,979,9120,10099,197934,"city 100,000 thru 249,999",17
"michigan","MI",49502,1974,16,83,452,865,3724,5256,672,991,9652,10643,195200,"city 100,000 thru 249,999",17
"michigan","MI",49502,1975,21,83,438,1785,4445,8137,515,1214,13097,14311,198342,"city 100,000 thru 249,999",17
"michigan","MI",49502,1976,10,75,345,1831,3898,7876,505,1105,12279,13384,193500,"city 100,000 thru 249,999",17
"michigan","MI",49502,1977,14,95,384,1912,4086,7913,587,1221,12586,13807,196538,"city 100,000 thru 249,999",17
"michigan","MI",49502,1978,12,121,398,2350,3586,7049,635,1274,11270,12544,189200,"city 100,000 thru 249,999",17
"michigan","MI",49502,1979,14,157,565,2561,4221,8047,753,1603,13203,14806,185416,"city 100,000 thru 249,999",17
"michigan","MI",49502,1980,28,188,529,2983,4437,9275,686,1787,14576,16363,181602,"city 100,000 thru 249,999",17
"michigan","MI",49502,1981,24,190,562,3192,4660,9905,608,1876,15326,17202,181068,"city 100,000 thru 249,999",17
"michigan","MI",49502,1982,22,173,631,3540,4717,10733,585,2016,16169,18185,179258,"city 100,000 thru 249,999",17
"michigan","MI",49502,1983,20,198,598,3712,4482,9804,637,1994,15054,17048,178470,"city 100,000 thru 249,999",17
"michigan","MI",49502,1984,19,193,561,3963,4206,9251,648,2028,14229,16257,181960,"city 100,000 thru 249,999",17
"michigan","MI",49502,1985,19,219,673,4554,3576,9318,762,2214,13764,15978,183270,"city 100,000 thru 249,999",17
"michigan","MI",49502,1986,21,220,455,4993,3508,9572,1197,2142,14399,16541,184340,"city 100,000 thru 249,999",17
"michigan","MI",49502,1987,15,268,504,5474,3984,9970,1130,2251,15236,17487,187441,"city 100,000 thru 249,999",17
"michigan","MI",49502,1988,24,307,498,5531,3728,8347,1245,2317,13480,15797,190343,"city 100,000 thru 249,999",17
"michigan","MI",49502,1989,13,297,590,5733,3697,8126,1604,2309,13539,15848,186036,"city 100,000 thru 249,999",17
"michigan","MI",49502,1990,18,378,681,6669,3743,8138,1494,3025,13516,16541,189126,"city 100,000 thru 249,999",17
"michigan","MI",49502,1991,22,370,771,7283,4270,8675,1271,3278,14329,17607,190604,"city 100,000 thru 249,999",17
