statefip,year,age,Male,White,Black,Asian,Hispanic,HSGrad,CollegeGrad,Married,inctot,IncomeReal,CPI,EmployerIns,Medicaid,Medicare
illinois,1970,30.741879,0.47687602,0.88622755,0.10982291,0.0,,0.54893923,0.090390444,0.65458226,4587.735068639686,30584.9,15.0,,,
illinois,1971,31.034901,0.4753713,0.87277228,0.12165841,0.0,0.037750587,0.53192586,0.093546174,0.63719946,4756.781362622276,30492.188,15.6,,,
illinois,1972,31.55884,0.47561622,0.87145507,0.12271402,0.0,0.027496181,0.55154455,0.10506465,0.63882703,5197.44378591954,32082.984,16.200001,,,
illinois,1973,31.652832,0.48441926,0.87110484,0.12096317,0.0,0.037127953,0.57067072,0.1127321,0.631733,5559.664456233421,32323.629,17.200001,,,
illinois,1974,33.104107,0.49559373,0.86796117,0.12442121,0.0,0.049683388,0.57940495,0.11070324,0.61442441,5944.301391035548,31121.996,19.1,,,
illinois,1975,32.555889,0.47321829,0.86196548,0.12948237,0.0,0.043946054,0.58557314,0.11897233,0.61472744,6453.353359683794,31025.738,20.799999,,,
illinois,1976,31.502554,0.47671872,0.8528682,0.13355714,0.0,0.065094896,0.59441644,0.1269872,0.6082164,6954.570569988367,31611.684,22.0,,,
illinois,1977,31.401497,0.47344941,0.84458196,0.14404951,0.0,0.069252081,0.60386384,0.13733742,0.59964657,7660.149005355776,32735.68,23.4,,,
illinois,1978,32.088634,0.47491011,0.84727216,0.14006566,0.0,0.075798504,0.60111088,0.1343345,0.59546316,8203.162312281424,32552.23,25.200001,,,
illinois,1979,32.594463,0.47464439,0.84106368,0.14363018,0.0,0.077404223,0.61903799,0.1311641,0.58788252,8735.456548100243,31198.059,28.0,,,
illinois,1980,32.723732,0.48890269,0.84541363,0.14123856,0.0,0.076165155,0.64683104,0.13898513,0.57652336,9990.219686162623,31415.785,31.799999,0.331833,0.092193075,0.13144487
illinois,1981,32.724701,0.47909218,0.84377426,0.14332348,0.0,0.084634602,0.65979171,0.14519094,0.58076376,10737.14662037982,30590.162,35.099998,0.33623505,0.08642935,0.14049418
illinois,1982,33.106071,0.47929284,0.84334588,0.13553773,0.0,0.078605495,0.68229502,0.15200171,0.58531362,11809.78077499465,31661.611,37.299999,0.32165658,0.085447699,0.14193963
illinois,1983,33.344654,0.48674408,0.85236526,0.12493502,0.0,0.070893571,0.70697045,0.17076471,0.589894,12737.60387999098,33084.684,38.5,0.3176226,0.080575287,0.14482293
illinois,1984,33.140694,0.48401213,0.85207003,0.13093235,0.0,0.10059172,0.70546579,0.17216198,0.56893116,12957.10865235672,32231.613,40.200001,0.30494782,0.084651634,0.15047577
illinois,1985,32.738377,0.47737452,0.85081083,0.12679537,0.0,0.10214219,0.6901176,0.16360636,0.56591707,13285.73901382298,31936.873,41.599998,0.29204634,0.097760618,0.15308438
illinois,1986,32.354343,0.4804053,0.84503055,0.13574728,0.0,0.092240989,0.69673437,0.16666667,0.55655116,14027.24850657109,33083.133,42.400002,0.29727313,0.10549843,0.14814815
illinois,1987,33.477879,0.47772118,0.84213877,0.13987906,0.0,0.086457171,0.71526909,0.17209011,0.55715477,15095.81101376721,34386.813,43.900002,0.30681095,0.10200509,0.15707134
illinois,1988,33.437588,0.4818196,0.83157563,0.13710058,0.0,0.096250787,0.72515464,0.17113402,0.55608249,15959.18082474227,34921.621,45.700001,0.31780261,0.11018416,0.15381444
illinois,1989,33.679207,0.48349208,0.84888887,0.1236508,0.0,0.10837439,0.72367072,0.17655513,0.5528639,17194.23691233833,35896.109,47.900002,0.33174604,0.086666666,0.15479368
illinois,1990,33.804161,0.48597842,0.83790445,0.1394453,0.0,0.11753818,0.72794706,0.18504411,0.55573374,18422.16218925421,36479.527,50.5,0.33066255,0.087211095,0.16238974
illinois,1991,33.907383,0.47762829,0.83010012,0.140801,0.0,0.12048949,0.74927956,0.20502265,0.55557841,19253.74660354055,36604.082,52.599998,0.32634544,0.10137672,0.15973651
illinois,1992,34.136341,0.47750974,0.82459146,0.13836576,0.0,0.13067207,0.74876845,0.19930214,0.55377668,19257.26108374384,35530.0,54.200001,0.33105057,0.098521404,0.16461413
iowa,1977,32.828831,0.48894349,0.97542995,0.02006552,0.0,0.011517894,0.63262033,0.10374331,0.65693831,6467.304278074866,27638.053,23.4,,,
iowa,1978,34.040558,0.4831005,0.98062187,0.018026138,0.0,0.024725275,0.62485749,0.10262258,0.63089621,6792.119726339794,26952.855,25.200001,,,
iowa,1979,34.223965,0.47788018,0.97788018,0.013824885,0.0,0.021455225,0.64499426,0.1041427,0.60509175,7641.005753739931,27289.307,28.0,,,
iowa,1980,34.011715,0.48810792,0.97515088,0.018459354,0.0,0.017136738,0.6695652,0.12585813,0.6270023,8994.972540045766,28286.078,31.799999,0.2687256,0.062477812,0.1624714
iowa,1981,33.461403,0.47739917,0.96974963,0.017385257,0.0,0.012319606,0.70566726,0.12522852,0.64259601,9710.204753199268,27664.402,35.099998,0.27260083,0.091098748,0.17001829
iowa,1982,34.602741,0.48710716,0.97018534,0.01772764,0.0,0.010677618,0.71220779,0.13038962,0.63428569,10570.9361038961,28340.313,37.299999,0.25987107,0.071313456,0.1864935
iowa,1983,35.69648,0.48861283,0.97722566,0.018633541,0.0,0.014668902,0.71016771,0.13102725,0.61844862,10604.52358490566,27544.217,38.5,0.25051761,0.054658387,0.197065
iowa,1984,34.439331,0.48982084,0.97271985,0.022801302,0.0,0.028052805,0.71676302,0.1397793,0.60956383,11520.0021019443,28656.721,40.200001,0.25162867,0.06270358,0.17866527
iowa,1985,34.184509,0.48883826,0.96765375,0.019589977,0.0,0.021306161,0.73571426,0.15178572,0.6232143,12205.24226190476,29339.525,41.599998,0.24783599,0.074259683,0.16488095
iowa,1986,35.183685,0.47684211,0.98052633,0.0099999998,0.0,0.020711631,0.73150682,0.12808219,0.63767123,12380.85,29200.117,42.400002,0.25368422,0.091578946,0.19383562
iowa,1987,33.14127,0.49041373,0.97527748,0.016649848,0.0,0.011704834,0.75788754,0.1303155,0.64746225,13610.70507544582,31003.883,43.900002,0.24873865,0.092330977,0.18655692
iowa,1988,33.332481,0.49462914,0.97749358,0.013810742,0.0,0.014455344,0.77200276,0.12820514,0.62647265,13858.72210672211,30325.432,45.700001,0.26751918,0.078772381,0.18433818
iowa,1989,35.207836,0.48748639,0.96844399,0.016322089,0.0,0.010958904,0.79113019,0.15522175,0.62804008,15556.17453505007,32476.355,47.900002,0.27856365,0.048966266,0.19957082
iowa,1990,35.103924,0.49575821,0.96818662,0.014846236,0.0,0.0064171124,0.78789985,0.16272601,0.61404729,15981.67454798331,31646.881,50.5,0.27147403,0.057794273,0.18636996
iowa,1991,36.090351,0.47677386,0.97702909,0.011740684,0.0,0.010282776,0.77691311,0.16018158,0.59792477,16588.23865110246,31536.576,52.599998,0.28534967,0.074017353,0.1919585
iowa,1992,35.459404,0.47944501,0.96813977,0.012846866,0.0,0.01244168,0.77712029,0.14529915,0.56213015,17133.8067061144,31612.189,54.200001,0.29393628,0.087872557,0.19132149
michigan,1977,31.371704,0.48218104,0.88880968,0.10637919,0.0,0.025257081,0.60444444,0.10596491,0.59836066,7176.48,30668.719,23.4,,,
michigan,1978,32.31065,0.48317087,0.89589846,0.097296305,0.0,0.027425373,0.60622752,0.10251497,0.61740839,7757.824191616766,30785.016,25.200001,,,
michigan,1979,32.169865,0.48424485,0.87884825,0.11028613,0.0,0.039970256,0.61940473,0.110382,0.59980714,8685.895476915866,31021.055,28.0,,,
michigan,1980,32.069286,0.48554301,0.8712976,0.11301129,0.0,0.028930817,0.65030676,0.12293535,0.59391224,9680.226050023595,30440.963,31.799999,0.30447814,0.11371651,0.14086834
michigan,1981,32.087906,0.47540402,0.87533295,0.10992719,0.0,0.020931073,0.66312557,0.12393767,0.57082152,10151.62606232295,28922.014,35.099998,0.29852602,0.12306873,0.13999055
michigan,1982,32.922588,0.48444104,0.8703419,0.11640415,0.0,0.022364838,0.67407221,0.12421106,0.5809139,10877.48523100227,29162.16,37.299999,0.2921629,0.12005378,0.15273921
michigan,1983,32.222137,0.48231697,0.88224047,0.10361308,0.0,0.028372901,0.69632447,0.12420786,0.58631176,11180.18403041825,29039.439,38.5,0.27298796,0.12636207,0.1444867
michigan,1984,32.450314,0.47905281,0.87795991,0.11536127,0.0,0.0248878,0.70299947,0.11515801,0.57686126,11785.53267273701,29317.244,40.200001,0.27970046,0.13580246,0.13711837
michigan,1985,33.178978,0.48394457,0.8687489,0.11844184,0.0,0.02938053,0.71487135,0.13504897,0.59098154,12980.5249373719,31203.186,41.599998,0.28636602,0.13142657,0.14689137
michigan,1986,33.213631,0.48769328,0.86289048,0.11722941,0.0,0.030384982,0.7072165,0.13835052,0.57381445,14144.75134020618,33360.262,42.400002,0.28447461,0.13994952,0.15670103
michigan,1987,33.143318,0.47369272,0.85926402,0.12249839,0.0,0.021512385,0.71605718,0.13871375,0.55023122,15152.12295081967,34515.086,43.900002,0.29954809,0.12411233,0.1572089
michigan,1988,34.245483,0.48062396,0.8586207,0.1224959,0.0,0.02191826,0.72878885,0.13925371,0.5586825,16206.26912653742,35462.297,45.700001,0.33875206,0.10197044,0.15905775
michigan,1989,34.468853,0.48269612,0.85085696,0.12738958,0.0,0.018530775,0.72621316,0.14897224,0.57257891,16839.30303030303,35155.121,47.900002,0.33553064,0.11272248,0.16486543
michigan,1990,33.892941,0.48602557,0.85204482,0.12774357,0.0,0.019508326,0.7376371,0.1568384,0.55679703,17626.10511069729,34903.18,50.5,0.33270171,0.12032212,0.16118354
michigan,1991,34.262882,0.48759541,0.85416669,0.1226145,0.0,0.027910685,0.75025713,0.15120345,0.54638964,18182.68422135363,34567.844,52.599998,0.33333334,0.13024808,0.16087225
michigan,1992,34.455849,0.48675495,0.85004729,0.12614317,0.0,0.029425723,0.75563294,0.15383039,0.56104058,19209.44510446538,35441.781,54.200001,0.33191422,0.14112267,0.17144613
